id,name,image_url,url,review_count,rating,price,latitude,longitude,address1,address2,address3,city,state,zip_code,phone,compliant,_merge
14BLy22t6EKuPO5aAQ6R8g,Just Salad,https://s3-media2.fl.yelpcdn.com/bphoto/NHTe_4NV0WJNw-Uwt-C50A/o.jpg,https://www.yelp.com/biz/just-salad-new-york-34?adjust_creative=8JX6jG3ozuS17CJIXZZBLQ&utm_campaign=yelp_api_v3&utm_medium=api_v3_business_lookup&utm_source=8JX6jG3ozuS17CJIXZZBLQ,115,3.5,$,40.7127085525626,-74.0084012669113,233 Broadway,,,New York,NY,10279,+12122441111,,left_only
ejZjFbR_Z3He5pi699eJKg,Birch Coffee,https://s3-media2.fl.yelpcdn.com/bphoto/prVCcWpWBsU657KVbKhr2w/o.jpg,https://www.yelp.com/biz/birch-coffee-new-york-10?adjust_creative=8JX6jG3ozuS17CJIXZZBLQ&utm_campaign=yelp_api_v3&utm_medium=api_v3_business_lookup&utm_source=8JX6jG3ozuS17CJIXZZBLQ,71,4.0,$$,40.71084,-74.005672,8 Spruce St,,,New York,NY,10038,+12126861444,,left_only
K7c1bkgmmdiTcsQ5afGFNQ,W XYZ Bar,https://s3-media1.fl.yelpcdn.com/bphoto/lgOsvjndmAscI3J3MuD3zw/o.jpg,https://www.yelp.com/biz/w-xyz-bar-new-york-2?adjust_creative=8JX6jG3ozuS17CJIXZZBLQ&utm_campaign=yelp_api_v3&utm_medium=api_v3_business_lookup&utm_source=8JX6jG3ozuS17CJIXZZBLQ,1,5.0,$$,40.71035,-74.00679,49-53 Ann St,,,New York,NY,10038,+12125130003,,left_only
t4B9GkAuiYIjFCt9SlK3EQ,Poke Bowl,https://s3-media1.fl.yelpcdn.com/bphoto/K7cT2Dzbp2ZE2GJ2hbNm7g/o.jpg,https://www.yelp.com/biz/poke-bowl-new-york-2?adjust_creative=8JX6jG3ozuS17CJIXZZBLQ&utm_campaign=yelp_api_v3&utm_medium=api_v3_business_lookup&utm_source=8JX6jG3ozuS17CJIXZZBLQ,307,4.0,$$,40.709569,-74.0068345,104 Fulton St,,,New York,NY,10038,+16463719773,,left_only
j7NsPKpOQsIHBbBYrBGZQg,Dunkin',https://s3-media3.fl.yelpcdn.com/bphoto/i77Be-lwW5J8cVItvqj4iQ/o.jpg,https://www.yelp.com/biz/dunkin-new-york-78?adjust_creative=8JX6jG3ozuS17CJIXZZBLQ&utm_campaign=yelp_api_v3&utm_medium=api_v3_business_lookup&utm_source=8JX6jG3ozuS17CJIXZZBLQ,11,4.0,$,40.70814,-74.00686,80 John St,,,New York,NY,10038,+12122320020,,left_only
rQpO1Eie_zmeAOQ9s-T0sQ,Hole In The Wall,https://s3-media1.fl.yelpcdn.com/bphoto/KQwNs2HFWF0GDEGoSYgAEg/o.jpg,https://www.yelp.com/biz/hole-in-the-wall-new-york-2?adjust_creative=8JX6jG3ozuS17CJIXZZBLQ&utm_campaign=yelp_api_v3&utm_medium=api_v3_business_lookup&utm_source=8JX6jG3ozuS17CJIXZZBLQ,581,4.5,$$,40.70837,-74.00563,15 Cliff St,,,New York,NY,10038,+12126029991,,left_only
AeDVKiqkdtDrbikeEDrq9Q,Feed Your Soul Cafe,https://s3-media2.fl.yelpcdn.com/bphoto/1l-uwTUdO1iagW66qFg3VQ/o.jpg,https://www.yelp.com/biz/feed-your-soul-cafe-new-york?adjust_creative=8JX6jG3ozuS17CJIXZZBLQ&utm_campaign=yelp_api_v3&utm_medium=api_v3_business_lookup&utm_source=8JX6jG3ozuS17CJIXZZBLQ,11,4.0,$$,40.70745,-74.01104,14 Wall St,,,New York,NY,10005,+12012040720,,left_only
uQ4HZzNarBBNcTKZSIY-vA,Black Fox Coffee,https://s3-media1.fl.yelpcdn.com/bphoto/JDMHFi9GJcDX5egiUxvuUg/o.jpg,https://www.yelp.com/biz/black-fox-coffee-new-york?adjust_creative=8JX6jG3ozuS17CJIXZZBLQ&utm_campaign=yelp_api_v3&utm_medium=api_v3_business_lookup&utm_source=8JX6jG3ozuS17CJIXZZBLQ,198,4.0,$$,40.7063449,-74.0076944,70 Pine St,,,New York,NY,10005,+19177420133,,left_only
LjHUOXB3Iw_l7NXW_nClqA,Fairfield Inn by Marriott New York Manhattan/Financial District,https://s3-media4.fl.yelpcdn.com/bphoto/vHfMZrm4nmFyjsJgHkgbLA/o.jpg,https://www.yelp.com/biz/fairfield-inn-by-marriott-new-york-manhattan-financial-district-new-york?adjust_creative=8JX6jG3ozuS17CJIXZZBLQ&utm_campaign=yelp_api_v3&utm_medium=api_v3_business_lookup&utm_source=8JX6jG3ozuS17CJIXZZBLQ,70,4.0,$$,40.705911,-74.004993,161 Front St,,,New York,NY,10038,+12128260001,,left_only
_CBj4pv-I9hbiq35LFoNJg,Bluestone Lane,https://s3-media2.fl.yelpcdn.com/bphoto/noafxdBXJKbFBuhxowZ7gw/o.jpg,https://www.yelp.com/biz/bluestone-lane-new-york-13?adjust_creative=8JX6jG3ozuS17CJIXZZBLQ&utm_campaign=yelp_api_v3&utm_medium=api_v3_business_lookup&utm_source=8JX6jG3ozuS17CJIXZZBLQ,68,4.0,$,40.7047584413614,-74.0085431188345,90 Water St,,,New York,NY,10005,+17183746858,,left_only
tHW3EwGwai1AiWQ6ZD-wjg,Industry Kitchen,https://s3-media4.fl.yelpcdn.com/bphoto/EAoARKfKhWeDNiFVwZN1Lg/o.jpg,https://www.yelp.com/biz/industry-kitchen-new-york?adjust_creative=8JX6jG3ozuS17CJIXZZBLQ&utm_campaign=yelp_api_v3&utm_medium=api_v3_business_lookup&utm_source=8JX6jG3ozuS17CJIXZZBLQ,619,3.5,$$,40.7049434740873,-74.0048825740814,70 South St,,,New York,NY,10005,+12124879600,,left_only
6vfFBzI1Q-rh-5v9ndoyIQ,Just Salad,https://s3-media2.fl.yelpcdn.com/bphoto/P9tFZMO5dkyFfn6_peS74w/o.jpg,https://www.yelp.com/biz/just-salad-new-york-22?adjust_creative=8JX6jG3ozuS17CJIXZZBLQ&utm_campaign=yelp_api_v3&utm_medium=api_v3_business_lookup&utm_source=8JX6jG3ozuS17CJIXZZBLQ,71,3.0,$$,40.703843,-74.011882,90 Broad St,,,New York,NY,10004,+12122441111,,left_only
E_4uwW4UD6PmNIz7nS9E0A,Hale and Hearty Soups,https://s3-media4.fl.yelpcdn.com/bphoto/muQAAe9rkUaQGWI1G9Kf-A/o.jpg,https://www.yelp.com/biz/hale-and-hearty-soups-new-york-37?adjust_creative=8JX6jG3ozuS17CJIXZZBLQ&utm_campaign=yelp_api_v3&utm_medium=api_v3_business_lookup&utm_source=8JX6jG3ozuS17CJIXZZBLQ,74,3.5,$$,40.709955,-74.007009,111 Fulton St,,,New York,NY,10038,+16464540052,,left_only
wua1Rw6xlIm6VYVy44G87g,Temple Court,https://s3-media1.fl.yelpcdn.com/bphoto/5yjuol0CvRzuD50ge8MnBA/o.jpg,https://www.yelp.com/biz/temple-court-new-york?adjust_creative=8JX6jG3ozuS17CJIXZZBLQ&utm_campaign=yelp_api_v3&utm_medium=api_v3_business_lookup&utm_source=8JX6jG3ozuS17CJIXZZBLQ,259,4.0,$$$,40.7112749,-74.0068449,5 Beekman St,,,New York,NY,10038,+12126581848,,left_only
4h4Tuuc56YPO6lWfZ1bdSQ,Joe's Pizza,https://s3-media3.fl.yelpcdn.com/bphoto/iiFPnKfxI2_UjJHbCd2iCQ/o.jpg,https://www.yelp.com/biz/joes-pizza-new-york-152?adjust_creative=8JX6jG3ozuS17CJIXZZBLQ&utm_campaign=yelp_api_v3&utm_medium=api_v3_business_lookup&utm_source=8JX6jG3ozuS17CJIXZZBLQ,208,4.0,$,40.7101297729083,-74.0077206864953,124 Fulton St,,,New York,NY,10038,+12122670860,,left_only
rA_BmKeM1Dbn8o_1Bbt4ig,Potbelly Sandwich Shop,https://s3-media3.fl.yelpcdn.com/bphoto/R5io8oe1h5p-XRmAXAab6A/o.jpg,https://www.yelp.com/biz/potbelly-sandwich-shop-new-york-16?adjust_creative=8JX6jG3ozuS17CJIXZZBLQ&utm_campaign=yelp_api_v3&utm_medium=api_v3_business_lookup&utm_source=8JX6jG3ozuS17CJIXZZBLQ,37,3.5,$,40.7102178916967,-74.0073032283418,127 W Fulton St,,,New York,NY,10038,+16463074896,,left_only
lBO2fKhSnvqKDj_C8Uh9aQ,GRK Fresh Greek - Financial District,https://s3-media3.fl.yelpcdn.com/bphoto/oIayMCd6mjuUVU3i8yL-3w/o.jpg,https://www.yelp.com/biz/grk-fresh-greek-financial-district-new-york?adjust_creative=8JX6jG3ozuS17CJIXZZBLQ&utm_campaign=yelp_api_v3&utm_medium=api_v3_business_lookup&utm_source=8JX6jG3ozuS17CJIXZZBLQ,480,3.5,$$,40.709995,-74.006883484631,111 Fulton St,,,New York,NY,10038,+12123852010,,left_only
0VYAqXbYRcyiQU8QS-SG_g,Plaza Deli,https://s3-media2.fl.yelpcdn.com/bphoto/qgDv55HAPzT1y4Xr5CXdig/o.jpg,https://www.yelp.com/biz/plaza-deli-new-york?adjust_creative=8JX6jG3ozuS17CJIXZZBLQ&utm_campaign=yelp_api_v3&utm_medium=api_v3_business_lookup&utm_source=8JX6jG3ozuS17CJIXZZBLQ,68,3.5,$,40.70744,-74.004831,127 John St,,,New York,NY,10038,+12129437735,,left_only
ziPLg64qxWsYiBBmCMbXPw,Flavors Cafe,https://s3-media2.fl.yelpcdn.com/bphoto/-lONAKyVWpHTLlWL_w5EbQ/o.jpg,https://www.yelp.com/biz/flavors-cafe-new-york?adjust_creative=8JX6jG3ozuS17CJIXZZBLQ&utm_campaign=yelp_api_v3&utm_medium=api_v3_business_lookup&utm_source=8JX6jG3ozuS17CJIXZZBLQ,79,3.5,$,40.706363,-74.005126,175 Water St,,,New York,NY,10038,+12124803800,,left_only
aJD2o-M4lgPxcvWrANefTA,Roast Kitchen,https://s3-media3.fl.yelpcdn.com/bphoto/yW8O19kHoow_DJi-l3ouYA/o.jpg,https://www.yelp.com/biz/roast-kitchen-new-york-4?adjust_creative=8JX6jG3ozuS17CJIXZZBLQ&utm_campaign=yelp_api_v3&utm_medium=api_v3_business_lookup&utm_source=8JX6jG3ozuS17CJIXZZBLQ,127,3.0,$$,40.706798,-74.004781,199 Water St,,,New York,NY,10038,+12122692590,,left_only
D2fCCyWufWiBTvrt3nMxHg,Flour Shop,https://s3-media3.fl.yelpcdn.com/bphoto/EfRyY7Z4Bg6XkVikX8wrmw/o.jpg,https://www.yelp.com/biz/flour-shop-new-york-2?adjust_creative=8JX6jG3ozuS17CJIXZZBLQ&utm_campaign=yelp_api_v3&utm_medium=api_v3_business_lookup&utm_source=8JX6jG3ozuS17CJIXZZBLQ,114,3.5,$$,40.720440176684,-73.9986134071706,177 Lafayette St,,,New York,NY,10013,+12122357049,,left_only
FZh1ZBFrb46tkRdZuMA7hQ,Troquet,https://s3-media4.fl.yelpcdn.com/bphoto/MGBlb88rJ8jUrPJ4MH-0ng/o.jpg,https://www.yelp.com/biz/troquet-new-york-3?adjust_creative=8JX6jG3ozuS17CJIXZZBLQ&utm_campaign=yelp_api_v3&utm_medium=api_v3_business_lookup&utm_source=8JX6jG3ozuS17CJIXZZBLQ,168,4.0,$$,40.7200024863923,-73.9990466250079,155 Grand St,,,New York,NY,10013,+12123434295,,left_only
jzZ-V7zrmLQ9ZVwv0oVt7g,Gasoline Alley Coffee,https://s3-media1.fl.yelpcdn.com/bphoto/c-L9yAjwYf-qrDt0VLJCHg/o.jpg,https://www.yelp.com/biz/gasoline-alley-coffee-new-york-2?adjust_creative=8JX6jG3ozuS17CJIXZZBLQ&utm_campaign=yelp_api_v3&utm_medium=api_v3_business_lookup&utm_source=8JX6jG3ozuS17CJIXZZBLQ,78,4.0,$,40.7201927690627,-73.9988777351654,154 Grand St,,,New York,NY,10013,+12129330113,,left_only
AydiQxXWQLqVrZ9sEZTxtw,The Ship,https://s3-media3.fl.yelpcdn.com/bphoto/dE7zMAU8plw4ZITG0fDlfQ/o.jpg,https://www.yelp.com/biz/the-ship-new-york?adjust_creative=8JX6jG3ozuS17CJIXZZBLQ&utm_campaign=yelp_api_v3&utm_medium=api_v3_business_lookup&utm_source=8JX6jG3ozuS17CJIXZZBLQ,335,4.0,$$,40.7198443,-73.99947,158 Lafayette St,,,New York,NY,10013,+12122198496,,left_only
I2lgw_7DUnwD92ND4PN-Ow,Aunt Jake's,https://s3-media2.fl.yelpcdn.com/bphoto/jxNs5G8byFzZ27Xhm5if6A/o.jpg,https://www.yelp.com/biz/aunt-jakes-new-york?adjust_creative=8JX6jG3ozuS17CJIXZZBLQ&utm_campaign=yelp_api_v3&utm_medium=api_v3_business_lookup&utm_source=8JX6jG3ozuS17CJIXZZBLQ,1484,4.0,$$,40.7186467,-73.9979241,133 Mulberry St,,,New York,NY,10013,+16468580470,,left_only
hQk1KtjFpixNv4UWyi0VAQ,Tetsu,https://s3-media2.fl.yelpcdn.com/bphoto/u6nmcT29_uoCDMOhbyMArQ/o.jpg,https://www.yelp.com/biz/tetsu-new-york?adjust_creative=8JX6jG3ozuS17CJIXZZBLQ&utm_campaign=yelp_api_v3&utm_medium=api_v3_business_lookup&utm_source=8JX6jG3ozuS17CJIXZZBLQ,131,3.5,$$,40.71733,-74.0052,78 Leonard St,,,New York,NY,10013,+12122072370,,left_only
O08O474m1D69TjB3FRoLhw,Pure Green,https://s3-media2.fl.yelpcdn.com/bphoto/bE5nb32Q14vVAI12IVHQaQ/o.jpg,https://www.yelp.com/biz/pure-green-new-york-8?adjust_creative=8JX6jG3ozuS17CJIXZZBLQ&utm_campaign=yelp_api_v3&utm_medium=api_v3_business_lookup&utm_source=8JX6jG3ozuS17CJIXZZBLQ,1,5.0,$$,40.71484,-74.00747,95 Chambers St,,,New York,NY,10007,+12126538830,,left_only
H4o5aGGZCEA_gj0wA2RybQ,Black Burger,https://s3-media2.fl.yelpcdn.com/bphoto/34wdQgFRp643klnGu7e3qw/o.jpg,https://www.yelp.com/biz/black-burger-new-york-7?adjust_creative=8JX6jG3ozuS17CJIXZZBLQ&utm_campaign=yelp_api_v3&utm_medium=api_v3_business_lookup&utm_source=8JX6jG3ozuS17CJIXZZBLQ,20,4.0,$$,40.7171686,-74.0035113,362 Broadway,,,New York,NY,10013,+12129257655,,left_only
EOANRwg2TqxqAJ6O7e-YNA,Racines NY,https://s3-media1.fl.yelpcdn.com/bphoto/bd7ekEnp4NMkoN0cBIN8ww/o.jpg,https://www.yelp.com/biz/racines-ny-new-york?adjust_creative=8JX6jG3ozuS17CJIXZZBLQ&utm_campaign=yelp_api_v3&utm_medium=api_v3_business_lookup&utm_source=8JX6jG3ozuS17CJIXZZBLQ,132,4.0,$$$,40.71463,-74.00752,94 Chambers St,,,New York,NY,10007,+12122273400,,left_only
yT6r6xabAkhjFDnvCT4ViQ,Dunkin',https://s3-media2.fl.yelpcdn.com/bphoto/_RvKXFCOLuZqK8H2VE0gHw/o.jpg,https://www.yelp.com/biz/dunkin-new-york-164?adjust_creative=8JX6jG3ozuS17CJIXZZBLQ&utm_campaign=yelp_api_v3&utm_medium=api_v3_business_lookup&utm_source=8JX6jG3ozuS17CJIXZZBLQ,18,3.0,$,40.7160491943359,-74.0051193237305,321 Broadway,,,New York,NY,10007,+12125777550,,left_only
UhloN83oE-1b5MYWXFaMuA,'Wichcraft - East Tribeca,https://s3-media3.fl.yelpcdn.com/bphoto/7Ctj-lAHddBiWhDw0yM1wQ/o.jpg,https://www.yelp.com/biz/wichcraft-east-tribeca-new-york?adjust_creative=8JX6jG3ozuS17CJIXZZBLQ&utm_campaign=yelp_api_v3&utm_medium=api_v3_business_lookup&utm_source=8JX6jG3ozuS17CJIXZZBLQ,55,3.0,$$,40.71623,-74.00497,325 Broadway,,,New York,NY,10007,+12127800577,,left_only
bMju8cdz4RdJVoPvbWQqSQ,Gong Cha,https://s3-media2.fl.yelpcdn.com/bphoto/c6TmAWhGOIA-oaOW5RwrLQ/o.jpg,https://www.yelp.com/biz/gong-cha-new-york-19?adjust_creative=8JX6jG3ozuS17CJIXZZBLQ&utm_campaign=yelp_api_v3&utm_medium=api_v3_business_lookup&utm_source=8JX6jG3ozuS17CJIXZZBLQ,129,4.0,$,40.715752,-73.998233,72 Bayard St,,,New York,NY,10013,+16467264940,,left_only
8UlRXXPaSI383aiOiJQi5A,Famous Sichuan,https://s3-media1.fl.yelpcdn.com/bphoto/GkZPaojyinI0_468yw3Ojw/o.jpg,https://www.yelp.com/biz/famous-sichuan-new-york?adjust_creative=8JX6jG3ozuS17CJIXZZBLQ&utm_campaign=yelp_api_v3&utm_medium=api_v3_business_lookup&utm_source=8JX6jG3ozuS17CJIXZZBLQ,408,3.5,$$,40.71487,-73.99758,10 Pell St,,,New York,NY,10013,+12122333888,,left_only
DtnNzQKYKZtfeCnLYuTUjg,Auntea,https://s3-media1.fl.yelpcdn.com/bphoto/QEksX39uhBUKxD0BlC2CKg/o.jpg,https://www.yelp.com/biz/auntea-new-york?adjust_creative=8JX6jG3ozuS17CJIXZZBLQ&utm_campaign=yelp_api_v3&utm_medium=api_v3_business_lookup&utm_source=8JX6jG3ozuS17CJIXZZBLQ,198,4.5,$,40.71434,-73.99901,19A Mott St,,,New York,NY,10013,+16464151869,,left_only
zuD-iB7hV_dnf_JzBk_DCQ,Juku,https://s3-media3.fl.yelpcdn.com/bphoto/y1sYBIZzPgPFot9OZeKV8Q/o.jpg,https://www.yelp.com/biz/juku-new-york?adjust_creative=8JX6jG3ozuS17CJIXZZBLQ&utm_campaign=yelp_api_v3&utm_medium=api_v3_business_lookup&utm_source=8JX6jG3ozuS17CJIXZZBLQ,127,4.0,$$$,40.71461,-73.999528,32 Mulberry St,,,New York,NY,10013,+16465902111,,left_only
L_LDa1yW6qcUQJ6IsXqNNw,JR Sushi,https://s3-media3.fl.yelpcdn.com/bphoto/ccG2-itpi27RcWN9ZJf3JQ/o.jpg,https://www.yelp.com/biz/jr-sushi-new-york?adjust_creative=8JX6jG3ozuS17CJIXZZBLQ&utm_campaign=yelp_api_v3&utm_medium=api_v3_business_lookup&utm_source=8JX6jG3ozuS17CJIXZZBLQ,132,2.5,$$,40.71528,-74.00961,86A W Broadway,,,New York,NY,10007,+12122338338,,left_only
HmdfmqoihabsEbGfslngrQ,Le Pain Quotidien,https://s3-media2.fl.yelpcdn.com/bphoto/OkbeODfpZ9za_VSb6Jp8mQ/o.jpg,https://www.yelp.com/biz/le-pain-quotidien-new-york-146?adjust_creative=8JX6jG3ozuS17CJIXZZBLQ&utm_campaign=yelp_api_v3&utm_medium=api_v3_business_lookup&utm_source=8JX6jG3ozuS17CJIXZZBLQ,177,3.0,$$,40.7150160527216,-74.0092840790749,81 W Broadway,,,New York,NY,10007,+16466528186,,left_only
wz8Ljo2YkO5F7nsxvrtqQw,sweetgreen,https://s3-media2.fl.yelpcdn.com/bphoto/da4mSWATKuQWwWs809n42Q/o.jpg,https://www.yelp.com/biz/sweetgreen-new-york-3?adjust_creative=8JX6jG3ozuS17CJIXZZBLQ&utm_campaign=yelp_api_v3&utm_medium=api_v3_business_lookup&utm_source=8JX6jG3ozuS17CJIXZZBLQ,138,3.5,$$,40.7213353345147,-74.0097010834234,413 Greenwich St,,,New York,NY,10013,+19179830200,,left_only
MoiZlLUndZjTTXAFJXTHXA,Schnippers,https://s3-media4.fl.yelpcdn.com/bphoto/FexqTWLJ2Exr0ElGd0pDGg/o.jpg,https://www.yelp.com/biz/schnippers-new-york-9?adjust_creative=8JX6jG3ozuS17CJIXZZBLQ&utm_campaign=yelp_api_v3&utm_medium=api_v3_business_lookup&utm_source=8JX6jG3ozuS17CJIXZZBLQ,110,3.5,$$,40.7136658620892,-74.0091345459223,120 Church St,,,New York,NY,10007,+12127321700,,left_only
bcnlBSdo_Xc2EBcPolq1xw,Equinox Tribeca,https://s3-media2.fl.yelpcdn.com/bphoto/M0zYyYRKcCJKGa6iqjbNHQ/o.jpg,https://www.yelp.com/biz/equinox-tribeca-new-york-2?adjust_creative=8JX6jG3ozuS17CJIXZZBLQ&utm_campaign=yelp_api_v3&utm_medium=api_v3_business_lookup&utm_source=8JX6jG3ozuS17CJIXZZBLQ,79,3.5,$$$,40.71412,-74.00981,54 Murray St,,,New York,NY,10007,+12125666555,,left_only
HsqaGB90PYkI0En3rrtupQ,Kaede Japanese Restaurant,https://s3-media2.fl.yelpcdn.com/bphoto/zceGXqaqPughwqOGpIeY-Q/o.jpg,https://www.yelp.com/biz/kaede-japanese-restaurant-new-york-2?adjust_creative=8JX6jG3ozuS17CJIXZZBLQ&utm_campaign=yelp_api_v3&utm_medium=api_v3_business_lookup&utm_source=8JX6jG3ozuS17CJIXZZBLQ,183,3.5,$$,40.714458,-74.007439,90 Chambers St,,,New York,NY,10007,+12127668686,,left_only
LTx8jkXzTTqZRMOIEQ0lmw,Think Coffee,https://s3-media1.fl.yelpcdn.com/bphoto/QRxCUR55XfLdTgao-UKpkA/o.jpg,https://www.yelp.com/biz/think-coffee-new-york-15?adjust_creative=8JX6jG3ozuS17CJIXZZBLQ&utm_campaign=yelp_api_v3&utm_medium=api_v3_business_lookup&utm_source=8JX6jG3ozuS17CJIXZZBLQ,51,3.0,$,40.7168907694292,-74.0037190531662,350 Broadway,,,New York,NY,10013,+12345678901,,left_only
A5YzhzVxX7JigLl5kmYbGg,Adventure Cafe,https://s3-media2.fl.yelpcdn.com/bphoto/p_WU9MBfCLeSzFEAAr2A7A/o.jpg,https://www.yelp.com/biz/adventure-cafe-new-york-2?adjust_creative=8JX6jG3ozuS17CJIXZZBLQ&utm_campaign=yelp_api_v3&utm_medium=api_v3_business_lookup&utm_source=8JX6jG3ozuS17CJIXZZBLQ,37,4.5,$,40.7187330651087,-73.9896157756448,85 Delancey St,,,New York,NY,10002,+16468472367,,left_only
D0o9SbOrPkvJ5H2sxzxyig,Max Fish,https://s3-media4.fl.yelpcdn.com/bphoto/rdM0F_a5ULRqJDcdYds08A/o.jpg,https://www.yelp.com/biz/max-fish-new-york-2?adjust_creative=8JX6jG3ozuS17CJIXZZBLQ&utm_campaign=yelp_api_v3&utm_medium=api_v3_business_lookup&utm_source=8JX6jG3ozuS17CJIXZZBLQ,53,3.5,$,40.7193823,-73.9893853,120 Orchard St,,,New York,NY,10002,+12125293959,,left_only
0rQz8mkleT62eUkiAVs4UA,Russ & Daughters Cafe,https://s3-media2.fl.yelpcdn.com/bphoto/fo29fVS_dXcu9pFQDzS3_A/o.jpg,https://www.yelp.com/biz/russ-and-daughters-cafe-new-york-5?adjust_creative=8JX6jG3ozuS17CJIXZZBLQ&utm_campaign=yelp_api_v3&utm_medium=api_v3_business_lookup&utm_source=8JX6jG3ozuS17CJIXZZBLQ,1007,4.0,$$,40.7196253171697,-73.9895758930263,127 Orchard St,,,New York,NY,10002,+12124754881,,left_only
-T_5QJwgPMxfXTeOmpImsA,General Store by Char Sue,https://s3-media1.fl.yelpcdn.com/bphoto/UcdWcwJ5Ik3s0HhrM83g8A/o.jpg,https://www.yelp.com/biz/general-store-by-char-sue-new-york?adjust_creative=8JX6jG3ozuS17CJIXZZBLQ&utm_campaign=yelp_api_v3&utm_medium=api_v3_business_lookup&utm_source=8JX6jG3ozuS17CJIXZZBLQ,180,4.5,$$,40.719625,-73.9879152551293,119 Essex St,,,New York,NY,10002,+16464849241,,left_only
zGH7ZoOvLfZhuYAAKDbCKA,Retro Bar and Grill,https://s3-media2.fl.yelpcdn.com/bphoto/RNbrHhvX6UnWTS8-2DZrJg/o.jpg,https://www.yelp.com/biz/retro-bar-and-grill-new-york?adjust_creative=8JX6jG3ozuS17CJIXZZBLQ&utm_campaign=yelp_api_v3&utm_medium=api_v3_business_lookup&utm_source=8JX6jG3ozuS17CJIXZZBLQ,33,2.5,$$,40.7183,-73.986244,150 Delancey St,,,New York,NY,10002,+12122288379,,left_only
7qtIemPU3LlNix8CVWdhwA,Clancey,https://s3-media1.fl.yelpcdn.com/bphoto/V5uFH1LIPkHyxZ3l2FV9iw/o.jpg,https://www.yelp.com/biz/clancey-new-york?adjust_creative=8JX6jG3ozuS17CJIXZZBLQ&utm_campaign=yelp_api_v3&utm_medium=api_v3_business_lookup&utm_source=8JX6jG3ozuS17CJIXZZBLQ,174,4.5,$$,40.7190299,-73.98521,79 Clinton St,,,New York,NY,10002,+19173883575,,left_only
oB4nOEmkpgJ7Z3JZC0qqBw,Black Crescent,https://s3-media2.fl.yelpcdn.com/bphoto/FD9EGd_i1VTquAA6BUlj1A/o.jpg,https://www.yelp.com/biz/black-crescent-new-york?adjust_creative=8JX6jG3ozuS17CJIXZZBLQ&utm_campaign=yelp_api_v3&utm_medium=api_v3_business_lookup&utm_source=8JX6jG3ozuS17CJIXZZBLQ,159,4.0,$$,40.7189335809837,-73.985032499371,76 Clinton St,,,New York,NY,10002,+12124771771,,left_only
wqYHhMnpdfUVGL5JI3Wi_A,Ivan Ramen,https://s3-media2.fl.yelpcdn.com/bphoto/AJV68e6VGRxvBVgVdV6kdw/o.jpg,https://www.yelp.com/biz/ivan-ramen-new-york?adjust_creative=8JX6jG3ozuS17CJIXZZBLQ&utm_campaign=yelp_api_v3&utm_medium=api_v3_business_lookup&utm_source=8JX6jG3ozuS17CJIXZZBLQ,1307,3.5,$$,40.72058,-73.98454,25 Clinton St,,,New York,NY,10002,+16466783859,,left_only
9_PfzNxJP2iqqJs8hDubgw,Boba Guys,https://s3-media4.fl.yelpcdn.com/bphoto/4xGJCNkMzf5f48rGNwNtSw/o.jpg,https://www.yelp.com/biz/boba-guys-new-york?adjust_creative=8JX6jG3ozuS17CJIXZZBLQ&utm_campaign=yelp_api_v3&utm_medium=api_v3_business_lookup&utm_source=8JX6jG3ozuS17CJIXZZBLQ,669,4.5,$,40.720657,-73.984542,23 Clinton St,,,New York,NY,10002,,,left_only
0LjGdHn5paLedudi6DAxDA,Remedy Diner,https://s3-media2.fl.yelpcdn.com/bphoto/AvAMw07tL4fA2PWOBo5omg/o.jpg,https://www.yelp.com/biz/remedy-diner-new-york?adjust_creative=8JX6jG3ozuS17CJIXZZBLQ&utm_campaign=yelp_api_v3&utm_medium=api_v3_business_lookup&utm_source=8JX6jG3ozuS17CJIXZZBLQ,546,3.0,$$,40.72177,-73.98543,245 E Houston,,,New York,NY,10002,+12126775110,,left_only
x7hsZRd_MyrUgAW91FM9qA,Benson's NYC,https://s3-media1.fl.yelpcdn.com/bphoto/IRDAMx_lRnwe36Uh0n8ZnA/o.jpg,https://www.yelp.com/biz/bensons-nyc-new-york?adjust_creative=8JX6jG3ozuS17CJIXZZBLQ&utm_campaign=yelp_api_v3&utm_medium=api_v3_business_lookup&utm_source=8JX6jG3ozuS17CJIXZZBLQ,389,4.5,$$,40.7218302,-73.9866963,181 Essex St,,,New York,NY,10002,+16467915765,,left_only
8F81LrdFm6P5kkFpsw0n0w,Sweet Chick,https://s3-media3.fl.yelpcdn.com/bphoto/_KVRRkFAppV3E_vWkb_42Q/o.jpg,https://www.yelp.com/biz/sweet-chick-new-york?adjust_creative=8JX6jG3ozuS17CJIXZZBLQ&utm_campaign=yelp_api_v3&utm_medium=api_v3_business_lookup&utm_source=8JX6jG3ozuS17CJIXZZBLQ,1653,4.0,$$,40.7217399,-73.98739,178 Ludlow St,,,New York,NY,10002,+16466570233,,left_only
mR8MfMcFNgEukDG08I2aDQ,Ludlow Coffee Supply,https://s3-media1.fl.yelpcdn.com/bphoto/rl0BBbYRJz7US_dy3rSYew/o.jpg,https://www.yelp.com/biz/ludlow-coffee-supply-new-york?adjust_creative=8JX6jG3ozuS17CJIXZZBLQ&utm_campaign=yelp_api_v3&utm_medium=api_v3_business_lookup&utm_source=8JX6jG3ozuS17CJIXZZBLQ,223,4.0,$,40.721668,-73.987274,176 Ludlow St,,,New York,NY,10002,+19174727632,,left_only
nU4XBdvxDABXqZ6CnB8Dig,Clinton Street Baking Company,https://s3-media1.fl.yelpcdn.com/bphoto/DWHdizJ9bKbXN4yq6nbwAA/o.jpg,https://www.yelp.com/biz/clinton-street-baking-company-new-york-5?adjust_creative=8JX6jG3ozuS17CJIXZZBLQ&utm_campaign=yelp_api_v3&utm_medium=api_v3_business_lookup&utm_source=8JX6jG3ozuS17CJIXZZBLQ,5098,4.0,$$,40.721128,-73.983933,4 Clinton St,,,New York,NY,10002,+16466026263,,left_only
V7lXZKBDzScDeGB8JmnzSA,Katz's Delicatessen,https://s3-media1.fl.yelpcdn.com/bphoto/B6xNx79cSE7bFxqERBYOhg/o.jpg,https://www.yelp.com/biz/katzs-delicatessen-new-york?adjust_creative=8JX6jG3ozuS17CJIXZZBLQ&utm_campaign=yelp_api_v3&utm_medium=api_v3_business_lookup&utm_source=8JX6jG3ozuS17CJIXZZBLQ,12418,4.0,$$,40.722237,-73.9875259,205 E Houston St,,,New York,NY,10002,+12122542246,,left_only
sCC7-hSdCkNPExejZT9BAQ,The MasalaWala,https://s3-media4.fl.yelpcdn.com/bphoto/4fxSLoYtYtP-lDIRQZ-LJw/o.jpg,https://www.yelp.com/biz/the-masalawala-new-york-2?adjust_creative=8JX6jG3ozuS17CJIXZZBLQ&utm_campaign=yelp_api_v3&utm_medium=api_v3_business_lookup&utm_source=8JX6jG3ozuS17CJIXZZBLQ,1489,4.5,$$,40.72191,-73.98666,179 Essex St,,,New York,NY,10002,+12123589300,,left_only
Be1Y-vAEMgo7lqL5alXgDA,Taverna Di Bacco,https://s3-media1.fl.yelpcdn.com/bphoto/pEIG8wiigCMeWkXFyNvxig/o.jpg,https://www.yelp.com/biz/taverna-di-bacco-new-york?adjust_creative=8JX6jG3ozuS17CJIXZZBLQ&utm_campaign=yelp_api_v3&utm_medium=api_v3_business_lookup&utm_source=8JX6jG3ozuS17CJIXZZBLQ,278,4.0,$$,40.72191,-73.98768,175 Ludlow St,,,New York,NY,10002,+12124770077,,left_only
nBkSqOhZMa1A7Yk3q8VPaA,Dirty French,https://s3-media2.fl.yelpcdn.com/bphoto/CTbqztJCbUwZeFNdXxSW7A/o.jpg,https://www.yelp.com/biz/dirty-french-new-york?adjust_creative=8JX6jG3ozuS17CJIXZZBLQ&utm_campaign=yelp_api_v3&utm_medium=api_v3_business_lookup&utm_source=8JX6jG3ozuS17CJIXZZBLQ,654,4.0,$$$,40.72183,-73.98719,180 Ludlow St,,Ludlow Hotel,New York,NY,10002,+12122543000,,left_only
wzzFzwbpDFY2-eZIAbU9Hw,Van Leeuwen Ice Cream,https://s3-media3.fl.yelpcdn.com/bphoto/MsP8Euiqd_748JcL0Jj7Jw/o.jpg,https://www.yelp.com/biz/van-leeuwen-ice-cream-new-york-8?adjust_creative=8JX6jG3ozuS17CJIXZZBLQ&utm_campaign=yelp_api_v3&utm_medium=api_v3_business_lookup&utm_source=8JX6jG3ozuS17CJIXZZBLQ,103,4.0,$$,40.72151,-73.98735,172 Ludlow St,,,New York,NY,10002,+16468692746,,left_only
bgxUUa_oI67p-eb2-oAKDA,CAFÉ MEDI,https://s3-media1.fl.yelpcdn.com/bphoto/aBuCHcUUMfVj8mFt7k2P7w/o.jpg,https://www.yelp.com/biz/caf%C3%A9-medi-new-york?adjust_creative=8JX6jG3ozuS17CJIXZZBLQ&utm_campaign=yelp_api_v3&utm_medium=api_v3_business_lookup&utm_source=8JX6jG3ozuS17CJIXZZBLQ,257,3.5,$$,40.7199,-73.98803,107 Rivington St,,,New York,NY,10002,+12127968040,,left_only
bmcIFCtXLzkQIgLmDVXs3A,Serafina Ludlow,https://s3-media1.fl.yelpcdn.com/bphoto/WNbcLRsYKniagmi_3_6cLw/o.jpg,https://www.yelp.com/biz/serafina-ludlow-new-york-4?adjust_creative=8JX6jG3ozuS17CJIXZZBLQ&utm_campaign=yelp_api_v3&utm_medium=api_v3_business_lookup&utm_source=8JX6jG3ozuS17CJIXZZBLQ,90,3.5,$$,40.720205886879,-73.9884993061423,98 Rivington St,,,New York,NY,10002,+12123589800,,left_only
3adJXvbiqtOF6mmzeGXwWw,Hana Sushi,https://s3-media2.fl.yelpcdn.com/bphoto/UeckfhtEacR-OKdDrjcKyg/o.jpg,https://www.yelp.com/biz/hana-sushi-new-york?adjust_creative=8JX6jG3ozuS17CJIXZZBLQ&utm_campaign=yelp_api_v3&utm_medium=api_v3_business_lookup&utm_source=8JX6jG3ozuS17CJIXZZBLQ,211,3.5,$$,40.743446,-73.995788,211 7th Ave,,,New York,NY,10011,+12126209950,,left_only
wA5WLYvThEsZc1Te_4Lcbw,Essex Market,https://s3-media1.fl.yelpcdn.com/bphoto/Xqo_Elh5iuEHW3h_1dbfHQ/o.jpg,https://www.yelp.com/biz/essex-market-new-york-2?adjust_creative=8JX6jG3ozuS17CJIXZZBLQ&utm_campaign=yelp_api_v3&utm_medium=api_v3_business_lookup&utm_source=8JX6jG3ozuS17CJIXZZBLQ,262,4.0,$$,40.71821,-73.98815,88 Essex St,,,New York,NY,10002,,,left_only
nR1U3mj47xZHHnHv_Mu68g,Dairy Queen Grill & Chill,https://s3-media1.fl.yelpcdn.com/bphoto/HaADUGFYST7fSJwoh2eZAw/o.jpg,https://www.yelp.com/biz/dairy-queen-grill-and-chill-new-york-2?adjust_creative=8JX6jG3ozuS17CJIXZZBLQ&utm_campaign=yelp_api_v3&utm_medium=api_v3_business_lookup&utm_source=8JX6jG3ozuS17CJIXZZBLQ,195,3.0,$,40.736838,-73.9962592720985,54 W 14th St,,,New York,NY,10011,,,left_only
s8fqj5tqibEsRGXHMxhOEQ,Pokeworks,https://s3-media2.fl.yelpcdn.com/bphoto/Nq_razG-1bh0BAZ3d6SkDg/o.jpg,https://www.yelp.com/biz/pokeworks-new-york-14?adjust_creative=8JX6jG3ozuS17CJIXZZBLQ&utm_campaign=yelp_api_v3&utm_medium=api_v3_business_lookup&utm_source=8JX6jG3ozuS17CJIXZZBLQ,333,4.0,$$,40.73635494,-73.99188683,21 E 15th St,,,New York,NY,10003,+16466098848,,left_only
qZtf0eLfDQbIi6AHXF5UBQ,Luke's Lobster Union Square,https://s3-media1.fl.yelpcdn.com/bphoto/LPwFdS3HTKxupnfOg0E_RQ/o.jpg,https://www.yelp.com/biz/lukes-lobster-union-square-new-york?adjust_creative=8JX6jG3ozuS17CJIXZZBLQ&utm_campaign=yelp_api_v3&utm_medium=api_v3_business_lookup&utm_source=8JX6jG3ozuS17CJIXZZBLQ,77,4.0,$$,40.73484,-73.99221,124 University Pl,,,New York,NY,10003,+16466923468,,left_only
ugj4h67GK9hcvKgEIy5Tew,Pasta Flyer,https://s3-media1.fl.yelpcdn.com/bphoto/nqrlls1Ib4WlUAsr2_FuMQ/o.jpg,https://www.yelp.com/biz/pasta-flyer-new-york?adjust_creative=8JX6jG3ozuS17CJIXZZBLQ&utm_campaign=yelp_api_v3&utm_medium=api_v3_business_lookup&utm_source=8JX6jG3ozuS17CJIXZZBLQ,125,4.0,$,40.73713,-73.99678,510 6th Ave,,,New York,NY,10011,+12126330033,,left_only
YVqpoDk4fC3noi3_lcBP3A,Mi-ne Sushi,https://s3-media1.fl.yelpcdn.com/bphoto/yfv-c6fZTdH6ia2PXZGUbg/o.jpg,https://www.yelp.com/biz/mi-ne-sushi-new-york-3?adjust_creative=8JX6jG3ozuS17CJIXZZBLQ&utm_campaign=yelp_api_v3&utm_medium=api_v3_business_lookup&utm_source=8JX6jG3ozuS17CJIXZZBLQ,103,4.0,$$,40.73624,-73.997261,496 6th Ave,,,New York,NY,10011,+19176756942,,left_only
VMugGjWqmOfCXnYv_7aFWw,Kubeh,https://s3-media4.fl.yelpcdn.com/bphoto/sIyIIX9qf3YiMb_027ialg/o.jpg,https://www.yelp.com/biz/kubeh-new-york-2?adjust_creative=8JX6jG3ozuS17CJIXZZBLQ&utm_campaign=yelp_api_v3&utm_medium=api_v3_business_lookup&utm_source=8JX6jG3ozuS17CJIXZZBLQ,252,4.0,$$,40.7355205142767,-73.9979605809656,464 Avenue Of The Americas,,,New York,NY,10011,+16464486688,,left_only
wbOeQWie2YoRWuNkiI5BmA,Mighty Quinn's Barbeque,https://s3-media4.fl.yelpcdn.com/bphoto/lrm-whJ9pJ50SYGGCUv5Gg/o.jpg,https://www.yelp.com/biz/mighty-quinns-barbeque-new-york-5?adjust_creative=8JX6jG3ozuS17CJIXZZBLQ&utm_campaign=yelp_api_v3&utm_medium=api_v3_business_lookup&utm_source=8JX6jG3ozuS17CJIXZZBLQ,418,3.5,$$,40.7366742117697,-74.0013010473027,75 Greenwich Ave,,,New York,NY,10014,+16465247889,,left_only
iOVGoahucEkIGZff12rI4g,Two Boots West Village,https://s3-media2.fl.yelpcdn.com/bphoto/IKqTS_R4cQwJprh2_fwAgg/o.jpg,https://www.yelp.com/biz/two-boots-west-village-new-york-2?adjust_creative=8JX6jG3ozuS17CJIXZZBLQ&utm_campaign=yelp_api_v3&utm_medium=api_v3_business_lookup&utm_source=8JX6jG3ozuS17CJIXZZBLQ,232,3.5,$,40.7366979,-74.0014999,201 W 11th St,,,New York,NY,10014,+12126339096,,left_only
jkl1ukPtVM2UZqMLSJdWFw,Greenwich Steakhouse,https://s3-media2.fl.yelpcdn.com/bphoto/uN7IpkwZrL7f2jYXbHPDIA/o.jpg,https://www.yelp.com/biz/greenwich-steakhouse-new-york?adjust_creative=8JX6jG3ozuS17CJIXZZBLQ&utm_campaign=yelp_api_v3&utm_medium=api_v3_business_lookup&utm_source=8JX6jG3ozuS17CJIXZZBLQ,213,4.5,$$$$,40.73608,-74.00058,62 Greenwich Ave,,,New York,NY,10011,,,left_only
o6mE4IK7U2wruJmBF3zWnA,Bluestone Lane Collective Café,https://s3-media3.fl.yelpcdn.com/bphoto/EMiMLVwnH58EeFm3vOCAVA/o.jpg,https://www.yelp.com/biz/bluestone-lane-new-york-3?adjust_creative=8JX6jG3ozuS17CJIXZZBLQ&utm_campaign=yelp_api_v3&utm_medium=api_v3_business_lookup&utm_source=8JX6jG3ozuS17CJIXZZBLQ,528,4.0,$$,40.7358109,-74.0009087,55 Greenwich Ave,,,New York,NY,10014,+13473491957,,left_only
xB5TkX3khfpLMxFi8Z1MDw,Vivi Bubble Tea,https://s3-media3.fl.yelpcdn.com/bphoto/jU2OHlT0uVepq0o6FvJWgg/o.jpg,https://www.yelp.com/biz/vivi-bubble-tea-new-york-25?adjust_creative=8JX6jG3ozuS17CJIXZZBLQ&utm_campaign=yelp_api_v3&utm_medium=api_v3_business_lookup&utm_source=8JX6jG3ozuS17CJIXZZBLQ,79,3.5,$,40.7334686,-73.9992306,65 W 8th St,,,New York,NY,10011,+12126581588,,left_only
s3jou_L_LVYGkNHiuhjlew,Boucherie West Village,https://s3-media4.fl.yelpcdn.com/bphoto/gGTUB2AHF7sK5u-wdjO8DA/o.jpg,https://www.yelp.com/biz/boucherie-west-village-new-york-3?adjust_creative=8JX6jG3ozuS17CJIXZZBLQ&utm_campaign=yelp_api_v3&utm_medium=api_v3_business_lookup&utm_source=8JX6jG3ozuS17CJIXZZBLQ,1499,4.5,$$$,40.733063,-74.0028772,99 7th Ave S,,,New York,NY,10014,+12128371616,,left_only
c6UUcUTbwbk0kOpF6jVOJQ,The Doughnut Project,https://s3-media4.fl.yelpcdn.com/bphoto/Vxy6a9bHS45U0qRte4kmIQ/o.jpg,https://www.yelp.com/biz/the-doughnut-project-new-york?adjust_creative=8JX6jG3ozuS17CJIXZZBLQ&utm_campaign=yelp_api_v3&utm_medium=api_v3_business_lookup&utm_source=8JX6jG3ozuS17CJIXZZBLQ,468,4.5,$,40.731151,-74.003547,10 Morton St,,,New York,NY,10014,+12126915000,,left_only
M19pFJuqQ0n1I3Q8efvkTw,Sweet time Dessert Cafe,https://s3-media4.fl.yelpcdn.com/bphoto/kRK4fewEP1vSXXZGjUjQeA/o.jpg,https://www.yelp.com/biz/sweet-time-dessert-cafe-new-york-2?adjust_creative=8JX6jG3ozuS17CJIXZZBLQ&utm_campaign=yelp_api_v3&utm_medium=api_v3_business_lookup&utm_source=8JX6jG3ozuS17CJIXZZBLQ,77,3.5,$$,40.7323,-74.00152,171 W 4th St,,,New York,NY,10014,+16467558263,,left_only
YSweG4nogdOsBNDLQNP4dA,Mew Men,https://s3-media1.fl.yelpcdn.com/bphoto/Q4D44aRutyi3gjYggg5_Mw/o.jpg,https://www.yelp.com/biz/mew-men-new-york-2?adjust_creative=8JX6jG3ozuS17CJIXZZBLQ&utm_campaign=yelp_api_v3&utm_medium=api_v3_business_lookup&utm_source=8JX6jG3ozuS17CJIXZZBLQ,170,4.0,$$,40.73178,-74.0017,7 Cornelia St,,,New York,NY,10014,,,left_only
wPouKw2v-IsWfb1QTjYsaQ,POKEE,https://s3-media2.fl.yelpcdn.com/bphoto/fk9fP2LnVi9j58uUafgayA/o.jpg,https://www.yelp.com/biz/pokee-new-york?adjust_creative=8JX6jG3ozuS17CJIXZZBLQ&utm_campaign=yelp_api_v3&utm_medium=api_v3_business_lookup&utm_source=8JX6jG3ozuS17CJIXZZBLQ,214,4.0,$$,40.73073,-74.00031,121 W 3rd St,,,New York,NY,10012,+12123871888,,left_only
mZALre3ahuetu5X8_uUJew,Thelewala,https://s3-media3.fl.yelpcdn.com/bphoto/FRhVuRw0SJNhwUq1wWUDnA/o.jpg,https://www.yelp.com/biz/thelewala-new-york?adjust_creative=8JX6jG3ozuS17CJIXZZBLQ&utm_campaign=yelp_api_v3&utm_medium=api_v3_business_lookup&utm_source=8JX6jG3ozuS17CJIXZZBLQ,490,4.0,$,40.72963,-74.00068,112 Macdougal St,,,New York,NY,10012,+12126149100,,left_only
5cxNrIaZFmcCzP2NKTf7vg,New York Kimchi,https://s3-media3.fl.yelpcdn.com/bphoto/elJa6Jytj3bQvZ9dkejrXA/o.jpg,https://www.yelp.com/biz/new-york-kimchi-new-york-3?adjust_creative=8JX6jG3ozuS17CJIXZZBLQ&utm_campaign=yelp_api_v3&utm_medium=api_v3_business_lookup&utm_source=8JX6jG3ozuS17CJIXZZBLQ,87,3.5,$$,40.72934,-74.00093,102 Macdougal St,,,New York,NY,10012,+12129511456,,left_only
bW3mY-voyav37nU0uaLmNQ,Dante,https://s3-media1.fl.yelpcdn.com/bphoto/KG1kurs7VTc48dQ-7tYGEw/o.jpg,https://www.yelp.com/biz/dante-new-york?adjust_creative=8JX6jG3ozuS17CJIXZZBLQ&utm_campaign=yelp_api_v3&utm_medium=api_v3_business_lookup&utm_source=8JX6jG3ozuS17CJIXZZBLQ,355,4.0,$$,40.72879,-74.00165,79-81 Macdougal St,,,New York,NY,10012,+12129825275,,left_only
X52zxgnwA72PQqprxI_hEw,Springbone Kitchen,https://s3-media2.fl.yelpcdn.com/bphoto/RXAuv_UcYpmaUEaDTgmRJg/o.jpg,https://www.yelp.com/biz/springbone-kitchen-new-york?adjust_creative=8JX6jG3ozuS17CJIXZZBLQ&utm_campaign=yelp_api_v3&utm_medium=api_v3_business_lookup&utm_source=8JX6jG3ozuS17CJIXZZBLQ,259,4.0,$$,40.72986,-73.99932,90 W 3rd St,,,New York,NY,10012,+16463689192,,left_only
K54qUgd274Fj_LvHCjeSFw,Okinii,https://s3-media3.fl.yelpcdn.com/bphoto/ziwtMahQqKdpizw07puecg/o.jpg,https://www.yelp.com/biz/okinii-new-york?adjust_creative=8JX6jG3ozuS17CJIXZZBLQ&utm_campaign=yelp_api_v3&utm_medium=api_v3_business_lookup&utm_source=8JX6jG3ozuS17CJIXZZBLQ,307,4.0,$$,40.72894,-73.99911,216 Thompson St,,,New York,NY,10012,+15165043615,,left_only
Knp81jgMtNGlgfcfdOI5iQ,Surya Indian Cuisine,https://s3-media3.fl.yelpcdn.com/bphoto/Yrwtp1vZVZU6Rvec1xGlBw/o.jpg,https://www.yelp.com/biz/surya-indian-cuisine-new-york?adjust_creative=8JX6jG3ozuS17CJIXZZBLQ&utm_campaign=yelp_api_v3&utm_medium=api_v3_business_lookup&utm_source=8JX6jG3ozuS17CJIXZZBLQ,86,3.5,$$,40.7325156033039,-74.0038130432367,302 Bleecker St,,,New York,NY,10014,+12128077770,,left_only
y6p3LN0RdBYuDy7EZ_2S_A,Summers SoHo,https://s3-media3.fl.yelpcdn.com/bphoto/-ZmqzPe67kIPcyvpvurRUw/o.jpg,https://www.yelp.com/biz/summers-soho-new-york?adjust_creative=8JX6jG3ozuS17CJIXZZBLQ&utm_campaign=yelp_api_v3&utm_medium=api_v3_business_lookup&utm_source=8JX6jG3ozuS17CJIXZZBLQ,65,4.0,$$,40.727713,-74.000403,169 Thompson St,,,New York,NY,10012,+19173883372,,left_only
pil3w2-2REoXBwEToYZ_tQ,Bar Moga,https://s3-media4.fl.yelpcdn.com/bphoto/XRx6SIWzD7BW8nKg7Pd4fQ/o.jpg,https://www.yelp.com/biz/bar-moga-new-york-2?adjust_creative=8JX6jG3ozuS17CJIXZZBLQ&utm_campaign=yelp_api_v3&utm_medium=api_v3_business_lookup&utm_source=8JX6jG3ozuS17CJIXZZBLQ,185,4.0,$$,40.72787,-74.00107,128 W Houston St,,,New York,NY,10012,+19293995853,,left_only
dsH51ikQdoMUXY_V8BxW7g,Birch Coffee,https://s3-media4.fl.yelpcdn.com/bphoto/s9lImZMiSjkWv7xUdH7Zdw/o.jpg,https://www.yelp.com/biz/birch-coffee-new-york-13?adjust_creative=8JX6jG3ozuS17CJIXZZBLQ&utm_campaign=yelp_api_v3&utm_medium=api_v3_business_lookup&utm_source=8JX6jG3ozuS17CJIXZZBLQ,27,4.5,$,40.72654,-73.99956,71 W Houston St,,,New York,NY,10012,+12126861444,,left_only
cRqsjphkIBy9GFQxDwm2Og,"DŌ, Cookie Dough Confections",https://s3-media2.fl.yelpcdn.com/bphoto/6gIdhovX8sy6B3hqSM0c-Q/o.jpg,https://www.yelp.com/biz/d%C5%8D-cookie-dough-confections-new-york-2?adjust_creative=8JX6jG3ozuS17CJIXZZBLQ&utm_campaign=yelp_api_v3&utm_medium=api_v3_business_lookup&utm_source=8JX6jG3ozuS17CJIXZZBLQ,1315,3.5,$$,40.729119,-73.998347,550 LaGuardia Pl,,,New York,NY,10012,+16468923600,,left_only
5X0-rQyMPt5uRYFKdrRKFQ,Dunkin',https://s3-media3.fl.yelpcdn.com/bphoto/oXGKsYcbqIhvkJ1w_vkjtg/o.jpg,https://www.yelp.com/biz/dunkin-new-york-24?adjust_creative=8JX6jG3ozuS17CJIXZZBLQ&utm_campaign=yelp_api_v3&utm_medium=api_v3_business_lookup&utm_source=8JX6jG3ozuS17CJIXZZBLQ,12,2.5,$,40.7287,-73.99004,67 Cooper Square,,,New York,NY,10003,+16466784137,,left_only
8R9b20VeZvs85WxqtF9mRQ,East Village Thai,https://s3-media3.fl.yelpcdn.com/bphoto/hY21lEn-77kPPvO9mjVADw/o.jpg,https://www.yelp.com/biz/east-village-thai-new-york?adjust_creative=8JX6jG3ozuS17CJIXZZBLQ&utm_campaign=yelp_api_v3&utm_medium=api_v3_business_lookup&utm_source=8JX6jG3ozuS17CJIXZZBLQ,182,4.0,$$,40.7282104492188,-73.9892120361328,32 E 7th St,,,New York,NY,10003,+12126734610,,left_only
dZENEWBMFMIbqIBGtlUwsQ,The Kati Roll Company,https://s3-media2.fl.yelpcdn.com/bphoto/A-1f8c97_O2Tc-xAGiyFDA/o.jpg,https://www.yelp.com/biz/the-kati-roll-company-new-york-6?adjust_creative=8JX6jG3ozuS17CJIXZZBLQ&utm_campaign=yelp_api_v3&utm_medium=api_v3_business_lookup&utm_source=8JX6jG3ozuS17CJIXZZBLQ,75,4.0,$$,40.72834,-73.98764,128 2nd Ave,,,New York,NY,10003,+16463987710,,left_only
nnNMrTTLohVjhKDXAlXUJA,Ciala,https://s3-media1.fl.yelpcdn.com/bphoto/jdRTE_KENRbErXH34Uw8JQ/o.jpg,https://www.yelp.com/biz/ciala-new-york-2?adjust_creative=8JX6jG3ozuS17CJIXZZBLQ&utm_campaign=yelp_api_v3&utm_medium=api_v3_business_lookup&utm_source=8JX6jG3ozuS17CJIXZZBLQ,11,4.5,$$,40.7265971390507,-73.9894025400281,77 2nd Ave,,,New York,NY,10003,+12123004118,,left_only
Smj-UqUvNFneHKkuZ0BN7A,Kona Coffee and Company,https://s3-media3.fl.yelpcdn.com/bphoto/jpxWssXEd3OEcFn0JJjXpw/o.jpg,https://www.yelp.com/biz/kona-coffee-and-company-new-york?adjust_creative=8JX6jG3ozuS17CJIXZZBLQ&utm_campaign=yelp_api_v3&utm_medium=api_v3_business_lookup&utm_source=8JX6jG3ozuS17CJIXZZBLQ,124,4.5,$$,40.72587,-73.98988,57 2nd Ave,,,New York,NY,10003,,,left_only
DQuwci5xgJxXx7dxxp9FBA,Taqueria St. Marks Place,https://s3-media4.fl.yelpcdn.com/bphoto/Z52Y0_XukoBmq1aoFvG4_A/o.jpg,https://www.yelp.com/biz/taqueria-st-marks-place-new-york?adjust_creative=8JX6jG3ozuS17CJIXZZBLQ&utm_campaign=yelp_api_v3&utm_medium=api_v3_business_lookup&utm_source=8JX6jG3ozuS17CJIXZZBLQ,432,4.0,$$,40.7278587780221,-73.9856138085992,79 St Marks Pl,,,New York,NY,10003,+16469645614,,left_only
rCpO-kMHljieU0geK0RJQw,Noreetuh,https://s3-media1.fl.yelpcdn.com/bphoto/PoqPAHXhTGUk9DeFimdl6Q/o.jpg,https://www.yelp.com/biz/noreetuh-new-york?adjust_creative=8JX6jG3ozuS17CJIXZZBLQ&utm_campaign=yelp_api_v3&utm_medium=api_v3_business_lookup&utm_source=8JX6jG3ozuS17CJIXZZBLQ,434,4.0,$$$,40.727275,-73.985221,128 1st Ave,,,New York,NY,10009,+16468923050,,left_only
uO9SZB3M88DH7_HhJee5Xw,Fuku,https://s3-media3.fl.yelpcdn.com/bphoto/0eRrSJkaNrjf-f_xZ-5huQ/o.jpg,https://www.yelp.com/biz/fuku-new-york-7?adjust_creative=8JX6jG3ozuS17CJIXZZBLQ&utm_campaign=yelp_api_v3&utm_medium=api_v3_business_lookup&utm_source=8JX6jG3ozuS17CJIXZZBLQ,474,3.5,$$,40.72901,-73.98469,163 1st Ave,,,New York,NY,10003,,,left_only
4v5lbiExMocWoG7iKnYWrQ,Black Seed Bagels,https://s3-media1.fl.yelpcdn.com/bphoto/p3GbHa3SIa0owxOAO-7ExQ/o.jpg,https://www.yelp.com/biz/black-seed-bagels-new-york-11?adjust_creative=8JX6jG3ozuS17CJIXZZBLQ&utm_campaign=yelp_api_v3&utm_medium=api_v3_business_lookup&utm_source=8JX6jG3ozuS17CJIXZZBLQ,233,3.0,$$,40.72912,-73.98398,176 First Ave,,,New York,NY,10012,+16469151500,,left_only
x64xHVZoQj1ZOjzPqVprkw,Little Tong Noodle Shop,https://s3-media3.fl.yelpcdn.com/bphoto/gvlQrBWxAobgny6AN02iSw/o.jpg,https://www.yelp.com/biz/little-tong-noodle-shop-new-york?adjust_creative=8JX6jG3ozuS17CJIXZZBLQ&utm_campaign=yelp_api_v3&utm_medium=api_v3_business_lookup&utm_source=8JX6jG3ozuS17CJIXZZBLQ,270,4.0,$$,40.72937,-73.98424,177 1st Ave,,,New York,NY,10003,+19293678664,,left_only
NF0YMfLNRhqssVcwzF6fCg,Three Seat Espresso,https://s3-media1.fl.yelpcdn.com/bphoto/z72Zx66ydYfbYczrreNoVw/o.jpg,https://www.yelp.com/biz/three-seat-espresso-new-york?adjust_creative=8JX6jG3ozuS17CJIXZZBLQ&utm_campaign=yelp_api_v3&utm_medium=api_v3_business_lookup&utm_source=8JX6jG3ozuS17CJIXZZBLQ,183,4.5,$$,40.727096,-73.983026,137 Avenue A,,,New York,NY,10009,+19173882769,,left_only
qMr-lz0G0vyz2r4mJJQxmA,Butter Lane,https://s3-media4.fl.yelpcdn.com/bphoto/qwdSGuda8Q89zZljsllVWA/o.jpg,https://www.yelp.com/biz/butter-lane-new-york?adjust_creative=8JX6jG3ozuS17CJIXZZBLQ&utm_campaign=yelp_api_v3&utm_medium=api_v3_business_lookup&utm_source=8JX6jG3ozuS17CJIXZZBLQ,1232,4.0,$,40.7264944895101,-73.9841490983963,123 E 7th St,,,New York,NY,10009,+12126772880,,left_only
rBUTVjRs5CcEMe3dfVRZJQ,Ho Foods,https://s3-media2.fl.yelpcdn.com/bphoto/-yKeU-JwcZ_CaO5-cok-Cw/o.jpg,https://www.yelp.com/biz/ho-foods-new-york-3?adjust_creative=8JX6jG3ozuS17CJIXZZBLQ&utm_campaign=yelp_api_v3&utm_medium=api_v3_business_lookup&utm_source=8JX6jG3ozuS17CJIXZZBLQ,294,4.0,$$,40.72634,-73.98478,110 E 7th St,,,New York,NY,10009,+13477880682,,left_only
Ew3d7Vt18c1MH4_X6ogxQQ,Banh Mi Zon,https://s3-media2.fl.yelpcdn.com/bphoto/MmV22bjypsCf_32llkUTpQ/o.jpg,https://www.yelp.com/biz/banh-mi-zon-new-york-4?adjust_creative=8JX6jG3ozuS17CJIXZZBLQ&utm_campaign=yelp_api_v3&utm_medium=api_v3_business_lookup&utm_source=8JX6jG3ozuS17CJIXZZBLQ,313,4.5,$,40.7256861,-73.9842575,443 E 6th St,,,New York,NY,10009,+16465246384,,left_only
hHzngEBZs7iLE42Zv3MHXg,Resobox  East Village,https://s3-media3.fl.yelpcdn.com/bphoto/uPwkikiHPokNQ9ULffyTCQ/o.jpg,https://www.yelp.com/biz/resobox-east-village-new-york-2?adjust_creative=8JX6jG3ozuS17CJIXZZBLQ&utm_campaign=yelp_api_v3&utm_medium=api_v3_business_lookup&utm_source=8JX6jG3ozuS17CJIXZZBLQ,8,4.5,$,40.72482,-73.98779,91 E 3rd St,,,New York,NY,10003,+12125985993,,left_only
NKI1VvfXYluRjnq4S6yEuw,Divya's Kitchen,https://s3-media4.fl.yelpcdn.com/bphoto/pvN55m32kDo9J0dUskNoaw/o.jpg,https://www.yelp.com/biz/divyas-kitchen-new-york?adjust_creative=8JX6jG3ozuS17CJIXZZBLQ&utm_campaign=yelp_api_v3&utm_medium=api_v3_business_lookup&utm_source=8JX6jG3ozuS17CJIXZZBLQ,378,4.5,$$,40.72378,-73.98849,25 1st Ave,,,New York,NY,10003,+12124774834,,left_only
GticI2JB8Iw2ktRfLv6aRQ,Momofuku Ko,https://s3-media2.fl.yelpcdn.com/bphoto/sa3pYIxlBMFl9zursbEKhA/o.jpg,https://www.yelp.com/biz/momofuku-ko-new-york-3?adjust_creative=8JX6jG3ozuS17CJIXZZBLQ&utm_campaign=yelp_api_v3&utm_medium=api_v3_business_lookup&utm_source=8JX6jG3ozuS17CJIXZZBLQ,311,4.5,$$$$,40.724776,-73.991682,8 Extra Pl,,,New York,NY,10003,+12122038095,,left_only
YfyfFYCFYqdzaBAx1p_O1g,TOMS,https://s3-media1.fl.yelpcdn.com/bphoto/Iyq-4PpbDNzoiYvaiboZMw/o.jpg,https://www.yelp.com/biz/toms-new-york-3?adjust_creative=8JX6jG3ozuS17CJIXZZBLQ&utm_campaign=yelp_api_v3&utm_medium=api_v3_business_lookup&utm_source=8JX6jG3ozuS17CJIXZZBLQ,53,4.0,$,40.7240427877379,-73.9935040960021,264 Elizabeth St,,,New York,NY,10012,,,left_only
50vyTIdqKI_wsSqzaEtovg,Le Turtle,https://s3-media4.fl.yelpcdn.com/bphoto/HS58mQXuJ0QNbCd92Y6Nsg/o.jpg,https://www.yelp.com/biz/le-turtle-new-york?adjust_creative=8JX6jG3ozuS17CJIXZZBLQ&utm_campaign=yelp_api_v3&utm_medium=api_v3_business_lookup&utm_source=8JX6jG3ozuS17CJIXZZBLQ,138,3.5,$$$,40.721167843444,-73.9924657190491,177 Chrystie St,,,New York,NY,10002,+16469187189,,left_only
FavssEgZjXFi2unEXePkVQ,Tacombi - Bleecker Street,https://s3-media4.fl.yelpcdn.com/bphoto/zSzX3khnr-eDMFngm76D2w/o.jpg,https://www.yelp.com/biz/tacombi-bleecker-street-new-york?adjust_creative=8JX6jG3ozuS17CJIXZZBLQ&utm_campaign=yelp_api_v3&utm_medium=api_v3_business_lookup&utm_source=8JX6jG3ozuS17CJIXZZBLQ,379,4.0,$$,40.73112,-74.00272,255 Bleecker St,,,New York,NY,10014,+16469645984,,left_only
3sXUH_MCbzpqgMg3zuGvmA,Juice Generation,https://s3-media2.fl.yelpcdn.com/bphoto/zkwZbNWA5t9Frvn8wxaxRw/o.jpg,https://www.yelp.com/biz/juice-generation-new-york-14?adjust_creative=8JX6jG3ozuS17CJIXZZBLQ&utm_campaign=yelp_api_v3&utm_medium=api_v3_business_lookup&utm_source=8JX6jG3ozuS17CJIXZZBLQ,27,4.0,$$,40.73092,-74.00256,245 Bleecker St,,,New York,NY,10014,+12125311110,,left_only
JWLRT0dkdaC7AHtYapWbGw,Pasticceria Rocco,https://s3-media2.fl.yelpcdn.com/bphoto/_OAdfVr9GOg2ihEzcKXeiw/o.jpg,https://www.yelp.com/biz/pasticceria-rocco-new-york?adjust_creative=8JX6jG3ozuS17CJIXZZBLQ&utm_campaign=yelp_api_v3&utm_medium=api_v3_business_lookup&utm_source=8JX6jG3ozuS17CJIXZZBLQ,1022,4.0,$$,40.73083,-74.00265,243 Bleecker St,,,New York,NY,10014,+12122426031,,left_only
NcW0OXCZuygYW4bjo5NjNw,Starbucks,https://s3-media4.fl.yelpcdn.com/bphoto/QPDZW3Ym-MaK555ZiJCE2Q/o.jpg,https://www.yelp.com/biz/starbucks-new-york-366?adjust_creative=8JX6jG3ozuS17CJIXZZBLQ&utm_campaign=yelp_api_v3&utm_medium=api_v3_business_lookup&utm_source=8JX6jG3ozuS17CJIXZZBLQ,45,3.0,$$,40.730715,-74.002585,239 Bleecker St,,,New York,NY,10014,+12122061092,,left_only
kycAM7GyA1pEMmkdVS3xuw,Wolfnights,https://s3-media3.fl.yelpcdn.com/bphoto/3DomXDzn8i28clGlyBvYhw/o.jpg,https://www.yelp.com/biz/wolfnights-new-york-3?adjust_creative=8JX6jG3ozuS17CJIXZZBLQ&utm_campaign=yelp_api_v3&utm_medium=api_v3_business_lookup&utm_source=8JX6jG3ozuS17CJIXZZBLQ,117,4.0,$$,40.7306,-74.00252,235 Bleecker St,,,New York,NY,10014,+16467915411,,left_only
8nL3qtKZLyNf6nSyKqcO0g,Grom,https://s3-media2.fl.yelpcdn.com/bphoto/KQ7wxiqfkxRLJfn45DwrWw/o.jpg,https://www.yelp.com/biz/grom-new-york-7?adjust_creative=8JX6jG3ozuS17CJIXZZBLQ&utm_campaign=yelp_api_v3&utm_medium=api_v3_business_lookup&utm_source=8JX6jG3ozuS17CJIXZZBLQ,892,4.0,$$,40.7305271761439,-74.0024042129517,233 Bleecker St,,,New York,NY,10014,+12122061738,,left_only
YQrcTLWazeBHwYGOCCocuQ,sweetgreen,https://s3-media4.fl.yelpcdn.com/bphoto/UglcXCuB7_JZXa4vInfsuw/o.jpg,https://www.yelp.com/biz/sweetgreen-new-york-10?adjust_creative=8JX6jG3ozuS17CJIXZZBLQ&utm_campaign=yelp_api_v3&utm_medium=api_v3_business_lookup&utm_source=8JX6jG3ozuS17CJIXZZBLQ,116,3.5,$$,40.7299921256319,-74.0024338519833,226 Bleecker St,,,New York,NY,10014,+19176393212,,left_only
Frk0bX-y3R94lPIx7CzLmA,Le Pain Quotidien,https://s3-media4.fl.yelpcdn.com/bphoto/Nxvy86VWpjCa67TX-alypg/o.jpg,https://www.yelp.com/biz/le-pain-quotidien-new-york-130?adjust_creative=8JX6jG3ozuS17CJIXZZBLQ&utm_campaign=yelp_api_v3&utm_medium=api_v3_business_lookup&utm_source=8JX6jG3ozuS17CJIXZZBLQ,111,3.5,$$,40.7262963043055,-73.9950723946094,65 Bleecker St,,,New York,NY,10012,+16467974922,,left_only
vNPcZspQvQKuKuWd_Vsreg,Sweets by CHLOE,https://s3-media3.fl.yelpcdn.com/bphoto/HY35lyecXPXYc41zc_dqwQ/o.jpg,https://www.yelp.com/biz/sweets-by-chloe-new-york-8?adjust_creative=8JX6jG3ozuS17CJIXZZBLQ&utm_campaign=yelp_api_v3&utm_medium=api_v3_business_lookup&utm_source=8JX6jG3ozuS17CJIXZZBLQ,186,3.5,$$,40.729191,-74.00098,185 Bleecker St,Ste B,,New York,NY,10012,+13476209621,,left_only
xyFOlOrpBLvwiSi9VJQJwg,Creperie NYC,https://s3-media1.fl.yelpcdn.com/bphoto/zSOqYo1rdasta4zavGX5pQ/o.jpg,https://www.yelp.com/biz/creperie-nyc-new-york-2?adjust_creative=8JX6jG3ozuS17CJIXZZBLQ&utm_campaign=yelp_api_v3&utm_medium=api_v3_business_lookup&utm_source=8JX6jG3ozuS17CJIXZZBLQ,443,4.0,$$,40.72956,-74.00054,112 Macdougal St,,,New York,NY,10012,+12122536705,,left_only
jBn3NZmLK9uFT9QeeIcfvw,Irving Farm New York,https://s3-media4.fl.yelpcdn.com/bphoto/6__8Zg20bGKXx_GUsNj_Lw/o.jpg,https://www.yelp.com/biz/irving-farm-new-york-new-york-14?adjust_creative=8JX6jG3ozuS17CJIXZZBLQ&utm_campaign=yelp_api_v3&utm_medium=api_v3_business_lookup&utm_source=8JX6jG3ozuS17CJIXZZBLQ,85,3.0,$,40.729582,-73.998846,78 W 3rd St,,,New York,NY,10012,+12122060707,,left_only
BgGz5IdV53bGb4o7opR5zg,Arturo's,https://s3-media1.fl.yelpcdn.com/bphoto/hUTu5vlfU4JYSNp-Qt0t4g/o.jpg,https://www.yelp.com/biz/arturos-new-york?adjust_creative=8JX6jG3ozuS17CJIXZZBLQ&utm_campaign=yelp_api_v3&utm_medium=api_v3_business_lookup&utm_source=8JX6jG3ozuS17CJIXZZBLQ,686,4.0,$$,40.7273563342024,-74.0004944801331,106 W Houston St,,,New York,NY,10012,+12126773820,,left_only
1lNt64-Qu4tTwr3JdF-7Iw,Morgenstern's Finest Ice Cream,https://s3-media2.fl.yelpcdn.com/bphoto/SYU4UWxlPn9d8yjG2Ne53A/o.jpg,https://www.yelp.com/biz/morgensterns-finest-ice-cream-new-york-2?adjust_creative=8JX6jG3ozuS17CJIXZZBLQ&utm_campaign=yelp_api_v3&utm_medium=api_v3_business_lookup&utm_source=8JX6jG3ozuS17CJIXZZBLQ,1488,4.0,$$,40.7215872315503,-73.9931092527003,2 Rivington St,,,New York,NY,10002,+12122097684,,left_only
9aJ1MVTthZw3QjqoG7mPjg,Rosie's,https://s3-media1.fl.yelpcdn.com/bphoto/C5Mf9gLWxbTiTzmOp2B2YQ/o.jpg,https://www.yelp.com/biz/rosies-new-york-2?adjust_creative=8JX6jG3ozuS17CJIXZZBLQ&utm_campaign=yelp_api_v3&utm_medium=api_v3_business_lookup&utm_source=8JX6jG3ozuS17CJIXZZBLQ,720,4.0,$$,40.72492,-73.99079,29 E 2nd St,,,New York,NY,10003,+12123350114,,left_only
ya4nQkuVH1ZnmNp9m1yISg,Tatsu Ramen,https://s3-media1.fl.yelpcdn.com/bphoto/noflx3CUjyJf9uTCv8zFAA/o.jpg,https://www.yelp.com/biz/tatsu-ramen-new-york?adjust_creative=8JX6jG3ozuS17CJIXZZBLQ&utm_campaign=yelp_api_v3&utm_medium=api_v3_business_lookup&utm_source=8JX6jG3ozuS17CJIXZZBLQ,485,4.0,$$,40.72908,-73.98446,167 1st Ave,,,New York,NY,10003,+19292847088,,left_only
rCFCyKkPuLDrZLNZiLJOHw,Stromboli Pizza,https://s3-media4.fl.yelpcdn.com/bphoto/Sd3NAg2G9cuyxPmbsp6NTA/o.jpg,https://www.yelp.com/biz/stromboli-pizza-new-york?adjust_creative=8JX6jG3ozuS17CJIXZZBLQ&utm_campaign=yelp_api_v3&utm_medium=api_v3_business_lookup&utm_source=8JX6jG3ozuS17CJIXZZBLQ,230,3.5,$,40.72778,-73.9854299,83 Saint Marks Pl,,,New York,NY,10003,+12126733691,,left_only
gqTikTCIS01E2m20PzHoDQ,Tarallucci e Vino - East Village,https://s3-media4.fl.yelpcdn.com/bphoto/dHKbQ7rBEZtosiLBcTudBA/o.jpg,https://www.yelp.com/biz/tarallucci-e-vino-east-village-new-york-5?adjust_creative=8JX6jG3ozuS17CJIXZZBLQ&utm_campaign=yelp_api_v3&utm_medium=api_v3_business_lookup&utm_source=8JX6jG3ozuS17CJIXZZBLQ,284,4.0,$$,40.72896,-73.98454,163 1st Ave,,,New York,NY,10003,+12123881190,,left_only
2wVirrAVg3ltAFHoHeXHMQ,Dim Sum Palace,https://s3-media2.fl.yelpcdn.com/bphoto/lcbCPKS2We7SEltuhohEvQ/o.jpg,https://www.yelp.com/biz/dim-sum-palace-new-york-9?adjust_creative=8JX6jG3ozuS17CJIXZZBLQ&utm_campaign=yelp_api_v3&utm_medium=api_v3_business_lookup&utm_source=8JX6jG3ozuS17CJIXZZBLQ,168,4.5,$$,40.7259,-73.98986,59 2nd Ave,,,New York,NY,10003,+16464768846,,left_only
wQjQHZKH_DxwntbSe1QdxQ,Brick Lane Curry House,https://s3-media2.fl.yelpcdn.com/bphoto/nxJtFKDCD4J5mhsecijWwQ/o.jpg,https://www.yelp.com/biz/brick-lane-curry-house-new-york?adjust_creative=8JX6jG3ozuS17CJIXZZBLQ&utm_campaign=yelp_api_v3&utm_medium=api_v3_business_lookup&utm_source=8JX6jG3ozuS17CJIXZZBLQ,981,3.5,$$,40.7265407754881,-73.9893999248542,79 2nd Ave,,,New York,NY,10003,+12129792900,,left_only
mMuAsPSy2T56j0ENSTPL9w,CAVA,https://s3-media1.fl.yelpcdn.com/bphoto/oIJgrqR7k4Et69VafVx5wA/o.jpg,https://www.yelp.com/biz/cava-new-york-4?adjust_creative=8JX6jG3ozuS17CJIXZZBLQ&utm_campaign=yelp_api_v3&utm_medium=api_v3_business_lookup&utm_source=8JX6jG3ozuS17CJIXZZBLQ,290,4.5,$$,40.7337897786475,-73.9896078601189,143 4th Ave,,,New York,NY,10003,+16464166440,,left_only
U9BX6bMvXHk8umBYnS3Dog,Dos Toros Taqueria,https://s3-media1.fl.yelpcdn.com/bphoto/uyH20JlQ20mDWuy7Y-2r8Q/o.jpg,https://www.yelp.com/biz/dos-toros-taqueria-new-york?adjust_creative=8JX6jG3ozuS17CJIXZZBLQ&utm_campaign=yelp_api_v3&utm_medium=api_v3_business_lookup&utm_source=8JX6jG3ozuS17CJIXZZBLQ,1324,4.0,$,40.7336815475083,-73.9897049423153,137 4th Ave,,,New York,NY,10003,+12126777300,,left_only
bMepacmKDTwCdHJAU860bQ,Le Café Coffee,https://s3-media1.fl.yelpcdn.com/bphoto/ROZ9xDQ127FSxhuve3E8mA/o.jpg,https://www.yelp.com/biz/le-caf%C3%A9-coffee-new-york-2?adjust_creative=8JX6jG3ozuS17CJIXZZBLQ&utm_campaign=yelp_api_v3&utm_medium=api_v3_business_lookup&utm_source=8JX6jG3ozuS17CJIXZZBLQ,171,4.5,$$,40.7357460797343,-73.9928742229649,7 E 14th St,,,New York,NY,10003,+12123651060,,left_only
bZCJL1qsa8BGgGMUEpkz2g,Lizzmonade,https://s3-media1.fl.yelpcdn.com/bphoto/VN-W4-THj04tDnNcDu5qVg/o.jpg,https://www.yelp.com/biz/lizzmonade-brooklyn?adjust_creative=8JX6jG3ozuS17CJIXZZBLQ&utm_campaign=yelp_api_v3&utm_medium=api_v3_business_lookup&utm_source=8JX6jG3ozuS17CJIXZZBLQ,82,3.5,$,40.7028656241168,-73.9952399954231,Brooklyn Bridge Park,,334 Furman St. Pier 2,Brooklyn,NY,11201,+17188558930,,left_only
RrNe_0PReWHXAnjTEXBikQ,Luke's Lobster Brooklyn Bridge Park,https://s3-media1.fl.yelpcdn.com/bphoto/neCjFvJ-u5LmDlBz71ullg/o.jpg,https://www.yelp.com/biz/lukes-lobster-brooklyn-bridge-park-brooklyn-2?adjust_creative=8JX6jG3ozuS17CJIXZZBLQ&utm_campaign=yelp_api_v3&utm_medium=api_v3_business_lookup&utm_source=8JX6jG3ozuS17CJIXZZBLQ,339,4.0,$$,40.70359,-73.99411,11 Water St,,,Brooklyn,NY,11201,+19178827516,,left_only
toxwdOCz37bX5dJ_O1h2Ew,Sugarcane Raw Bar Grill,https://s3-media3.fl.yelpcdn.com/bphoto/wdz8zM7dMJKVSQjRYS-x0g/o.jpg,https://www.yelp.com/biz/sugarcane-raw-bar-grill-brooklyn-7?adjust_creative=8JX6jG3ozuS17CJIXZZBLQ&utm_campaign=yelp_api_v3&utm_medium=api_v3_business_lookup&utm_source=8JX6jG3ozuS17CJIXZZBLQ,588,4.0,$$$,40.703399,-73.992348,55 Water St,,,Brooklyn,NY,11201,+17863690353,,left_only
KwPHUOFz9z7juKNHaCmRxg,Brooklyn Roasting Company,https://s3-media2.fl.yelpcdn.com/bphoto/JqNPCqIX9LMoJWbzqcghqQ/o.jpg,https://www.yelp.com/biz/brooklyn-roasting-company-brooklyn-5?adjust_creative=8JX6jG3ozuS17CJIXZZBLQ&utm_campaign=yelp_api_v3&utm_medium=api_v3_business_lookup&utm_source=8JX6jG3ozuS17CJIXZZBLQ,7,3.0,$,40.7037610288699,-73.9909785263192,2 Main St,,,Brooklyn,NY,11201,+17188551000,,left_only
rw2k25-47ETweckMYE4A8A,Brooklyn Roasting Company,https://s3-media4.fl.yelpcdn.com/bphoto/otxDjm6K6ARauJ0ub9q9MQ/o.jpg,https://www.yelp.com/biz/brooklyn-roasting-company-brooklyn-11?adjust_creative=8JX6jG3ozuS17CJIXZZBLQ&utm_campaign=yelp_api_v3&utm_medium=api_v3_business_lookup&utm_source=8JX6jG3ozuS17CJIXZZBLQ,26,4.0,$$,40.70291,-73.9894599,45 Washington St,,,Brooklyn,NY,11201,+17188551000,,left_only
KWC_KYP336tSFhAihd8plg,Bluestone Lane DUMBO Café,https://s3-media1.fl.yelpcdn.com/bphoto/8sCzR6W36o3AyP7_ZES3xA/o.jpg,https://www.yelp.com/biz/bluestone-lane-brooklyn?adjust_creative=8JX6jG3ozuS17CJIXZZBLQ&utm_campaign=yelp_api_v3&utm_medium=api_v3_business_lookup&utm_source=8JX6jG3ozuS17CJIXZZBLQ,170,4.0,$,40.70078,-73.9884299,55 Prospect St,,,Brooklyn,NY,11201,+17183746858,,left_only
4aF0F8w7yXX9o5_QFky_ig,Celestine,https://s3-media4.fl.yelpcdn.com/bphoto/J5HuHor_cmVEG6HhQtFeDw/o.jpg,https://www.yelp.com/biz/celestine-brooklyn?adjust_creative=8JX6jG3ozuS17CJIXZZBLQ&utm_campaign=yelp_api_v3&utm_medium=api_v3_business_lookup&utm_source=8JX6jG3ozuS17CJIXZZBLQ,223,4.0,$$$,40.704676,-73.987975,1 John St,,,Brooklyn,NY,11201,+17185225356,,left_only
b7aV0WBJgrhSg5IH-lSQvQ,Friend of A Farmer,https://s3-media2.fl.yelpcdn.com/bphoto/7JyEXJsirAlVghWu0gAi7w/o.jpg,https://www.yelp.com/biz/friend-of-a-farmer-brooklyn-heights?adjust_creative=8JX6jG3ozuS17CJIXZZBLQ&utm_campaign=yelp_api_v3&utm_medium=api_v3_business_lookup&utm_source=8JX6jG3ozuS17CJIXZZBLQ,260,3.0,$$,40.69515,-73.99643,76 Montague St,,,Brooklyn Heights,NY,11201,+17186436600,,left_only
csEIYmMF1e-Nz8QWzXzPiw,Emack & Bolio's Brooklyn Heights,https://s3-media2.fl.yelpcdn.com/bphoto/0EdiCvHROFumWqV0oS-IUw/o.jpg,https://www.yelp.com/biz/emack-and-bolios-brooklyn-heights-brooklyn?adjust_creative=8JX6jG3ozuS17CJIXZZBLQ&utm_campaign=yelp_api_v3&utm_medium=api_v3_business_lookup&utm_source=8JX6jG3ozuS17CJIXZZBLQ,84,3.5,$$,40.695189,-73.994798,115 Montague St,,,Brooklyn,NY,11201,+19293376423,,left_only
yCF2a0qSCJqxGUdZcUilHw,Le Pain Quotidien,https://s3-media4.fl.yelpcdn.com/bphoto/J6s9JBY8jPrH7oDTNuELBw/o.jpg,https://www.yelp.com/biz/le-pain-quotidien-brooklyn-7?adjust_creative=8JX6jG3ozuS17CJIXZZBLQ&utm_campaign=yelp_api_v3&utm_medium=api_v3_business_lookup&utm_source=8JX6jG3ozuS17CJIXZZBLQ,170,2.5,$$,40.6951006970327,-73.994542658329,121 Montague St,,,Brooklyn,NY,11201,+17188583078,,left_only
1QXTYR312XXgUExNmTEWuA,Chu's Gourmet,https://s3-media2.fl.yelpcdn.com/bphoto/LALxDBTC861Yobp95dSZEQ/o.jpg,https://www.yelp.com/biz/chus-gourmet-brooklyn?adjust_creative=8JX6jG3ozuS17CJIXZZBLQ&utm_campaign=yelp_api_v3&utm_medium=api_v3_business_lookup&utm_source=8JX6jG3ozuS17CJIXZZBLQ,43,2.5,$,40.69132,-73.99094,82 Livingston St,,,Brooklyn,NY,11201,,,left_only
EfayCQ-uIn-yGDF4kcjBiQ,Paris Baguette,https://s3-media2.fl.yelpcdn.com/bphoto/Jvbbp75vGD7wZaTxY_RrYQ/o.jpg,https://www.yelp.com/biz/paris-baguette-brooklyn?adjust_creative=8JX6jG3ozuS17CJIXZZBLQ&utm_campaign=yelp_api_v3&utm_medium=api_v3_business_lookup&utm_source=8JX6jG3ozuS17CJIXZZBLQ,138,4.0,$$,40.6910452600365,-73.9915985693088,97 Court St,,,Brooklyn,NY,11201,+17187970404,,left_only
oHA5ktlMP1Pvvq6jTfV8Og,Red Mango,https://s3-media1.fl.yelpcdn.com/bphoto/WJAV_btmAyXMoyEQZNED0Q/o.jpg,https://www.yelp.com/biz/red-mango-brooklyn?adjust_creative=8JX6jG3ozuS17CJIXZZBLQ&utm_campaign=yelp_api_v3&utm_medium=api_v3_business_lookup&utm_source=8JX6jG3ozuS17CJIXZZBLQ,89,4.0,$,40.6901711,-73.9919777,123 Court St,,,Brooklyn,NY,11201,+17187972133,,left_only
kahXG2biwS3PHIlAbOKVJw,Pair Wine & Cheese,https://s3-media2.fl.yelpcdn.com/bphoto/7x1B_C2IJXndaXahRYod2Q/o.jpg,https://www.yelp.com/biz/pair-wine-and-cheese-brooklyn?adjust_creative=8JX6jG3ozuS17CJIXZZBLQ&utm_campaign=yelp_api_v3&utm_medium=api_v3_business_lookup&utm_source=8JX6jG3ozuS17CJIXZZBLQ,84,4.0,$$,40.690226,-73.995211,140 Atlantic Ave,,,Brooklyn,NY,11201,+17185966594,,left_only
PcF_ebeELn7mg6vqVnHjIg,Elsa,https://s3-media2.fl.yelpcdn.com/bphoto/9Rl3uYIb7eVT-prW2xMdtA/o.jpg,https://www.yelp.com/biz/elsa-brooklyn?adjust_creative=8JX6jG3ozuS17CJIXZZBLQ&utm_campaign=yelp_api_v3&utm_medium=api_v3_business_lookup&utm_source=8JX6jG3ozuS17CJIXZZBLQ,105,4.5,$$,40.69027,-73.99535,136 Atlantic Ave,,,Brooklyn,NY,11201,+19178827395,,left_only
rZSP1cWbuNhDxzJ4-UXJ-g,Pure Green,https://s3-media1.fl.yelpcdn.com/bphoto/tLGfAniTjF79wMKLe_ob4g/o.jpg,https://www.yelp.com/biz/pure-green-brooklyn?adjust_creative=8JX6jG3ozuS17CJIXZZBLQ&utm_campaign=yelp_api_v3&utm_medium=api_v3_business_lookup&utm_source=8JX6jG3ozuS17CJIXZZBLQ,58,4.0,$$,40.6887064129114,-73.9909075945616,95 Boerum Pl,,,Brooklyn,NY,11201,+19173983488,,left_only
02vF5JJNEsx0Z0Ala3EGHw,Hilton Brooklyn New York,https://s3-media2.fl.yelpcdn.com/bphoto/tz6ZGhrOGszblq3i7F1JGg/o.jpg,https://www.yelp.com/biz/hilton-brooklyn-new-york-brooklyn?adjust_creative=8JX6jG3ozuS17CJIXZZBLQ&utm_campaign=yelp_api_v3&utm_medium=api_v3_business_lookup&utm_source=8JX6jG3ozuS17CJIXZZBLQ,49,3.5,$$,40.6896167,-73.9879725,140 Schermerhorn St,,,Brooklyn,NY,11201,+17188348800,,left_only
jWC4mD-yy-IzuZxU5ctAKw,Mia's Bakery,https://s3-media1.fl.yelpcdn.com/bphoto/CjvLo6vsxDjaLCgyLpGUKg/o.jpg,https://www.yelp.com/biz/mias-bakery-brooklyn?adjust_creative=8JX6jG3ozuS17CJIXZZBLQ&utm_campaign=yelp_api_v3&utm_medium=api_v3_business_lookup&utm_source=8JX6jG3ozuS17CJIXZZBLQ,737,4.5,$,40.6870199,-73.9901299,139 Smith St,,,Brooklyn,NY,11201,+13479873194,,left_only
31XD1NbLOoZ-cclsfdf97Q,El Nuevo Cibao,https://s3-media3.fl.yelpcdn.com/bphoto/VIdrcUlJPeXRlZ74jUGKJw/o.jpg,https://www.yelp.com/biz/el-nuevo-cibao-brooklyn-3?adjust_creative=8JX6jG3ozuS17CJIXZZBLQ&utm_campaign=yelp_api_v3&utm_medium=api_v3_business_lookup&utm_source=8JX6jG3ozuS17CJIXZZBLQ,176,4.0,$$,40.68584,-73.99121,172 Smith St,,,Brooklyn,NY,11201,+17185961501,,left_only
Rr718mwaNrRhXuE6bFSN7A,Fawkner,https://s3-media3.fl.yelpcdn.com/bphoto/UbHpLl748S-1QSuYiB-f1Q/o.jpg,https://www.yelp.com/biz/fawkner-brooklyn?adjust_creative=8JX6jG3ozuS17CJIXZZBLQ&utm_campaign=yelp_api_v3&utm_medium=api_v3_business_lookup&utm_source=8JX6jG3ozuS17CJIXZZBLQ,98,4.0,$$,40.685153,-73.99121,191 Smith St,,,Brooklyn,NY,11201,+17185223172,,left_only
n-59KQvfQhURg6WBqxXEQw,Grand Army,https://s3-media4.fl.yelpcdn.com/bphoto/EFpXQ_BiVGXDtZO7Ky8MCA/o.jpg,https://www.yelp.com/biz/grand-army-brooklyn?adjust_creative=8JX6jG3ozuS17CJIXZZBLQ&utm_campaign=yelp_api_v3&utm_medium=api_v3_business_lookup&utm_source=8JX6jG3ozuS17CJIXZZBLQ,188,3.5,$$,40.688182,-73.986572,336 State St,,,Brooklyn,NY,11201,+17186431503,,left_only
_L_zrbTjKf3KjWvp8gnb5Q,Pierogi Boys,https://s3-media1.fl.yelpcdn.com/bphoto/7MNJdck-qCL2ORgJRcQDxg/o.jpg,https://www.yelp.com/biz/pierogi-boys-brooklyn-2?adjust_creative=8JX6jG3ozuS17CJIXZZBLQ&utm_campaign=yelp_api_v3&utm_medium=api_v3_business_lookup&utm_source=8JX6jG3ozuS17CJIXZZBLQ,96,4.5,$$,40.691077,-73.982954,445 Albee Square W,,at DeKalb Market Hall,Brooklyn,NY,11201,+19293602768,,left_only
wXiIxbnFRaFBS9RI4wJrdw,Baba Cool,https://s3-media1.fl.yelpcdn.com/bphoto/QsGDkqCyLYnKNuUSz1XFTg/o.jpg,https://www.yelp.com/biz/baba-cool-brooklyn?adjust_creative=8JX6jG3ozuS17CJIXZZBLQ&utm_campaign=yelp_api_v3&utm_medium=api_v3_business_lookup&utm_source=8JX6jG3ozuS17CJIXZZBLQ,187,4.0,$$,40.68701,-73.97537,64 Lafayette Ave,Ste B,,Brooklyn,NY,11217,+13476892344,,left_only
PuOL6UrbYsxbH72gx_u-0w,Greene Grape Annex,https://s3-media1.fl.yelpcdn.com/bphoto/06bje3ALLaGIw7VVwEG5aw/o.jpg,https://www.yelp.com/biz/greene-grape-annex-brooklyn-2?adjust_creative=8JX6jG3ozuS17CJIXZZBLQ&utm_campaign=yelp_api_v3&utm_medium=api_v3_business_lookup&utm_source=8JX6jG3ozuS17CJIXZZBLQ,115,3.5,$,40.686603,-73.974665,753 Fulton St,,,Brooklyn,NY,11217,,,left_only
Hx6GGjOOcdTqtclEw7oeSw,The Kings Beer Hall,https://s3-media3.fl.yelpcdn.com/bphoto/yFHE5za2-xXYWe8QYSkY4w/o.jpg,https://www.yelp.com/biz/the-kings-beer-hall-brooklyn-2?adjust_creative=8JX6jG3ozuS17CJIXZZBLQ&utm_campaign=yelp_api_v3&utm_medium=api_v3_business_lookup&utm_source=8JX6jG3ozuS17CJIXZZBLQ,275,3.0,$$,40.681405,-73.979535,84 Saint Marks Pl,,,Brooklyn,NY,11217,+13472277238,,left_only
1vSx0gpTqro-N73NGKneEA,Insa,https://s3-media3.fl.yelpcdn.com/bphoto/7d36vaFoUZXTYv5_35RH7g/o.jpg,https://www.yelp.com/biz/insa-brooklyn?adjust_creative=8JX6jG3ozuS17CJIXZZBLQ&utm_campaign=yelp_api_v3&utm_medium=api_v3_business_lookup&utm_source=8JX6jG3ozuS17CJIXZZBLQ,253,3.5,$$$,40.6795562014419,-73.9825174981801,328 Douglass St,,,Brooklyn,NY,11217,+17188552620,,left_only
TKpP5_U0HTmxWsjl8LIl1w,Lucky 13 Saloon,https://s3-media4.fl.yelpcdn.com/bphoto/arvaKeUYDsY5w1trDDwS1g/o.jpg,https://www.yelp.com/biz/lucky-13-saloon-gowanus?adjust_creative=8JX6jG3ozuS17CJIXZZBLQ&utm_campaign=yelp_api_v3&utm_medium=api_v3_business_lookup&utm_source=8JX6jG3ozuS17CJIXZZBLQ,86,4.0,$,40.6781997680664,-73.9836044311523,644 Sackett St,,,Gowanus,NY,11215,+17185960666,,left_only
OMRkRHFXmS9txTWirA-yMA,Taheni Mediterranean Grill,https://s3-media3.fl.yelpcdn.com/bphoto/7lFILz_VP3wMMAmwClod-g/o.jpg,https://www.yelp.com/biz/taheni-mediterranean-grill-brooklyn?adjust_creative=8JX6jG3ozuS17CJIXZZBLQ&utm_campaign=yelp_api_v3&utm_medium=api_v3_business_lookup&utm_source=8JX6jG3ozuS17CJIXZZBLQ,234,4.0,$,40.67742,-73.98343,224 4th Ave,,,Brooklyn,NY,11215,+17185222083,,left_only
gNuIdQMEddQUHUTiFXxZGg,Brownstone Bagel & Bread,https://s3-media2.fl.yelpcdn.com/bphoto/ueiwz3BOw-91RswY5zBMKQ/o.jpg,https://www.yelp.com/biz/brownstone-bagel-and-bread-brooklyn?adjust_creative=8JX6jG3ozuS17CJIXZZBLQ&utm_campaign=yelp_api_v3&utm_medium=api_v3_business_lookup&utm_source=8JX6jG3ozuS17CJIXZZBLQ,237,3.5,$,40.67744,-73.98274,671 Union St,,,Brooklyn,NY,11215,+17186226030,,left_only
lufZs3ZJuJHDXWA362DYng,Colony 274,https://s3-media1.fl.yelpcdn.com/bphoto/d9mjcEjcXzaDFZXbaiUA8w/o.jpg,https://www.yelp.com/biz/colony-274-brooklyn?adjust_creative=8JX6jG3ozuS17CJIXZZBLQ&utm_campaign=yelp_api_v3&utm_medium=api_v3_business_lookup&utm_source=8JX6jG3ozuS17CJIXZZBLQ,95,3.5,$$,40.6758886,-73.9843603,274 4th Ave,,,Brooklyn,NY,11215,+17188675309,,left_only
J99VVAUid72FNwEqiSEnHg,Givers and Takers,https://s3-media1.fl.yelpcdn.com/bphoto/BnhUXnjxmb2-42IlRgRs4w/o.jpg,https://www.yelp.com/biz/givers-and-takers-brooklyn-3?adjust_creative=8JX6jG3ozuS17CJIXZZBLQ&utm_campaign=yelp_api_v3&utm_medium=api_v3_business_lookup&utm_source=8JX6jG3ozuS17CJIXZZBLQ,48,4.5,$$,40.6773146311088,-73.9863216102727,286 3rd Ave,,,Brooklyn,NY,11215,+13479874306,,left_only
-WUCua_aSIpfsHKMFlMEMg,Dirty Precious,https://s3-media2.fl.yelpcdn.com/bphoto/-vkJMYaohZcYttoJLVaQvw/o.jpg,https://www.yelp.com/biz/dirty-precious-brooklyn?adjust_creative=8JX6jG3ozuS17CJIXZZBLQ&utm_campaign=yelp_api_v3&utm_medium=api_v3_business_lookup&utm_source=8JX6jG3ozuS17CJIXZZBLQ,78,4.5,$$,40.6763896691334,-73.9867169468351,317 3rd Ave,,,Brooklyn,NY,11215,+16466854481,,left_only
DyPK6IyY-8xIqQWT4HqJNw,Gristmill,https://s3-media1.fl.yelpcdn.com/bphoto/rH7CDkAWn0jHUyyEnXH3sQ/o.jpg,https://www.yelp.com/biz/gristmill-brooklyn?adjust_creative=8JX6jG3ozuS17CJIXZZBLQ&utm_campaign=yelp_api_v3&utm_medium=api_v3_business_lookup&utm_source=8JX6jG3ozuS17CJIXZZBLQ,221,4.5,$$,40.6736889031443,-73.9824806441803,289 5th Ave,,,Brooklyn,NY,11215,+17184992424,,left_only
AEKnbImOQWMOL7bS9lQ2wQ,Cooks & Captains,https://s3-media3.fl.yelpcdn.com/bphoto/G0eeV2PLI0h9M-O4uloyRA/o.jpg,https://www.yelp.com/biz/cooks-and-captains-brooklyn?adjust_creative=8JX6jG3ozuS17CJIXZZBLQ&utm_campaign=yelp_api_v3&utm_medium=api_v3_business_lookup&utm_source=8JX6jG3ozuS17CJIXZZBLQ,93,4.5,$$$,40.675121,-73.981721,254 5th Ave,,,Brooklyn,NY,11215,+13477213801,,left_only
UvQr8V1dD_d6yRsMJi04wA,Shaking Crab- Brooklyn,https://s3-media1.fl.yelpcdn.com/bphoto/cvhgQU_UDdG-MYe9MZCwag/o.jpg,https://www.yelp.com/biz/shaking-crab-brooklyn-brooklyn-2?adjust_creative=8JX6jG3ozuS17CJIXZZBLQ&utm_campaign=yelp_api_v3&utm_medium=api_v3_business_lookup&utm_source=8JX6jG3ozuS17CJIXZZBLQ,326,3.5,$$,40.675783,-73.981205,230 5th Ave,,,Brooklyn,NY,11215,+19293376140,,left_only
KJFosOrLotvQo_rntg0sjA,Bricolage,https://s3-media4.fl.yelpcdn.com/bphoto/XxDFJZyoYbu5XJG4Vtrn_w/o.jpg,https://www.yelp.com/biz/bricolage-brooklyn?adjust_creative=8JX6jG3ozuS17CJIXZZBLQ&utm_campaign=yelp_api_v3&utm_medium=api_v3_business_lookup&utm_source=8JX6jG3ozuS17CJIXZZBLQ,500,4.0,$$,40.67792,-73.97975,162 5th Ave,,,Brooklyn,NY,11217,+17182301835,,left_only
_E1CTER1oQ9uFrQa-EoHzQ,Sun Bo Bo Restaurant,https://s3-media2.fl.yelpcdn.com/bphoto/XvNHITxYSJHwsMtKkcnabQ/o.jpg,https://www.yelp.com/biz/sun-bo-bo-restaurant-brooklyn?adjust_creative=8JX6jG3ozuS17CJIXZZBLQ&utm_campaign=yelp_api_v3&utm_medium=api_v3_business_lookup&utm_source=8JX6jG3ozuS17CJIXZZBLQ,11,4.0,$,40.6680946350098,-73.9868774414062,471A 5th Ave,,,Brooklyn,NY,11215,+17187687748,,left_only
dRxhREFZS7Dv6LpjmgFPiA,Subway,https://s3-media4.fl.yelpcdn.com/bphoto/hbFlW02jnDQRuAkQHmiCGw/o.jpg,https://www.yelp.com/biz/subway-brooklyn-184?adjust_creative=8JX6jG3ozuS17CJIXZZBLQ&utm_campaign=yelp_api_v3&utm_medium=api_v3_business_lookup&utm_source=8JX6jG3ozuS17CJIXZZBLQ,12,2.5,$,40.6663086532427,-73.9883443570604,525 5th Ave,,,Brooklyn,NY,11215,+17184992207,,left_only
nqXvLzqzQQTJ2eMPkAcojw,Roots Cafe,https://s3-media2.fl.yelpcdn.com/bphoto/xiiUzk4albgGYmSLsODbmw/o.jpg,https://www.yelp.com/biz/roots-cafe-brooklyn-3?adjust_creative=8JX6jG3ozuS17CJIXZZBLQ&utm_campaign=yelp_api_v3&utm_medium=api_v3_business_lookup&utm_source=8JX6jG3ozuS17CJIXZZBLQ,314,4.5,$$,40.6628485,-73.9916831,639 5th Ave,,,Brooklyn,NY,11215,+19293015535,,left_only
L3HDotnnzGKZfoy62kZAkg,Camperdown Elm,https://s3-media1.fl.yelpcdn.com/bphoto/XpUufZ0CjbzNNpW807mRkQ/o.jpg,https://www.yelp.com/biz/camperdown-elm-brooklyn?adjust_creative=8JX6jG3ozuS17CJIXZZBLQ&utm_campaign=yelp_api_v3&utm_medium=api_v3_business_lookup&utm_source=8JX6jG3ozuS17CJIXZZBLQ,113,4.5,$$$,40.663159,-73.984504,441 7th Ave,,,Brooklyn,NY,11215,+13472944786,,left_only
GeC5BSUtJf7NmRt9QspDiw,Uncle Louie G,https://s3-media4.fl.yelpcdn.com/bphoto/_um1AiLtnWJxahZapYdyzQ/o.jpg,https://www.yelp.com/biz/uncle-louie-g-brooklyn-2?adjust_creative=8JX6jG3ozuS17CJIXZZBLQ&utm_campaign=yelp_api_v3&utm_medium=api_v3_business_lookup&utm_source=8JX6jG3ozuS17CJIXZZBLQ,60,4.0,$,40.6671261,-73.9811786,319 7th Ave,,,Brooklyn,NY,11215,+17189654237,,left_only
De_10VF2CrC2moWaPA81mg,Just Salad,https://s3-media1.fl.yelpcdn.com/bphoto/xX9UzyMKSao3qfsufH9SnA/o.jpg,https://www.yelp.com/biz/just-salad-brooklyn?adjust_creative=8JX6jG3ozuS17CJIXZZBLQ&utm_campaign=yelp_api_v3&utm_medium=api_v3_business_lookup&utm_source=8JX6jG3ozuS17CJIXZZBLQ,242,3.5,$$,40.6694291366086,-73.9794939539662,252 7th Ave,,,Brooklyn,NY,11215,+12122441111,,left_only
NXWrj0QQq0kgbqRwWu_C4g,Chocolateria,https://s3-media2.fl.yelpcdn.com/bphoto/KLJoQYcgbkDx6y2k6LuG_w/o.jpg,https://www.yelp.com/biz/chocolateria-brooklyn-2?adjust_creative=8JX6jG3ozuS17CJIXZZBLQ&utm_campaign=yelp_api_v3&utm_medium=api_v3_business_lookup&utm_source=8JX6jG3ozuS17CJIXZZBLQ,66,3.0,$$,40.67016,-73.97904,228 7th Ave,,,Brooklyn,NY,11215,+17184994080,,left_only
xxgcU_oFIox_pAmroo9WwA,Front Street Pizza,https://s3-media1.fl.yelpcdn.com/bphoto/ybrfmg0lGdBoJRM7X1_s3A/o.jpg,https://www.yelp.com/biz/front-street-pizza-brooklyn?adjust_creative=8JX6jG3ozuS17CJIXZZBLQ&utm_campaign=yelp_api_v3&utm_medium=api_v3_business_lookup&utm_source=8JX6jG3ozuS17CJIXZZBLQ,360,4.0,$,40.70244,-73.98943,80 Front St,,,Brooklyn,NY,11201,+17188753700,,left_only
89z4qetFymJunuErlciwaA,sweetgreen,https://s3-media1.fl.yelpcdn.com/bphoto/1rRBHndsz8yBpbfp-3SI_A/o.jpg,https://www.yelp.com/biz/sweetgreen-brooklyn-4?adjust_creative=8JX6jG3ozuS17CJIXZZBLQ&utm_campaign=yelp_api_v3&utm_medium=api_v3_business_lookup&utm_source=8JX6jG3ozuS17CJIXZZBLQ,77,3.0,$$,40.702812,-73.9898298687172,50 Washington St,,,Brooklyn,NY,11201,+13477574900,,left_only
7DvC6upbps_EjRP0IC8RRw,sweetgreen,https://s3-media1.fl.yelpcdn.com/bphoto/2r28OUWqcuqLKyT2eHXgfA/o.jpg,https://www.yelp.com/biz/sweetgreen-brooklyn-5?adjust_creative=8JX6jG3ozuS17CJIXZZBLQ&utm_campaign=yelp_api_v3&utm_medium=api_v3_business_lookup&utm_source=8JX6jG3ozuS17CJIXZZBLQ,78,3.0,$$,40.6899104,-73.9920039,127 Court St,,,Brooklyn,NY,11201,+13477676800,,left_only
HDDBpOKpKqRza-IhiE4CTw,Bareburger,https://s3-media1.fl.yelpcdn.com/bphoto/Vwuff0Xq3XSwJp9RX7Lkhw/o.jpg,https://www.yelp.com/biz/bareburger-brooklyn-3?adjust_creative=8JX6jG3ozuS17CJIXZZBLQ&utm_campaign=yelp_api_v3&utm_medium=api_v3_business_lookup&utm_source=8JX6jG3ozuS17CJIXZZBLQ,371,3.5,$$,40.68921,-73.99245,149 Court St,,,Brooklyn,NY,11201,+13475296673,,left_only
hO1T1fG5f5FbvOP2124rpw,Negril BK,https://s3-media2.fl.yelpcdn.com/bphoto/f4dYwn8IbPlx4MTp8fKOrA/o.jpg,https://www.yelp.com/biz/negril-bk-brooklyn?adjust_creative=8JX6jG3ozuS17CJIXZZBLQ&utm_campaign=yelp_api_v3&utm_medium=api_v3_business_lookup&utm_source=8JX6jG3ozuS17CJIXZZBLQ,612,4.0,$$,40.67501,-73.98163,256 5th Ave,,,Brooklyn,NY,11215,+13477213801,,left_only
FaPtColHYcTnZAxtoM33cA,Chu Tea,https://s3-media4.fl.yelpcdn.com/bphoto/05Q6eHDSpXmytCf4JHR7AQ/o.jpg,https://www.yelp.com/biz/chu-tea-brooklyn?adjust_creative=8JX6jG3ozuS17CJIXZZBLQ&utm_campaign=yelp_api_v3&utm_medium=api_v3_business_lookup&utm_source=8JX6jG3ozuS17CJIXZZBLQ,37,4.0,$,40.6682525514023,-73.9868991741115,471 5th Ave,,,Brooklyn,NY,11215,+17187881113,,left_only
